Année,Code Région,Région,Classe d'âge,Sexe,Nombre de patients,Taux brut,Taux standardisé
2024,84,Auvergne-Rhône-Alpes,00-10 ans,Femmes,9.0,1.9,
2024,84,Auvergne-Rhône-Alpes,00-10 ans,Hommes,15.0,2.9,
2024,84,Auvergne-Rhône-Alpes,00-10 ans,Hommes et Femmes,24.0,2.4,
2024,84,Auvergne-Rhône-Alpes,11-17 ans,Femmes,1599.0,453.0,
2024,84,Auvergne-Rhône-Alpes,11-17 ans,Hommes,258.0,68.9,
2024,84,Auvergne-Rhône-Alpes,11-17 ans,Hommes et Femmes,1857.0,255.2,
2024,84,Auvergne-Rhône-Alpes,18-24 ans,Femmes,1173.0,363.5,
2024,84,Auvergne-Rhône-Alpes,18-24 ans,Hommes,506.5,147.6,
2024,84,Auvergne-Rhône-Alpes,18-24 ans,Hommes et Femmes,1679.5,252.2,
2024,84,Auvergne-Rhône-Alpes,25-44 ans,Femmes,1358.0,132.8,
2024,84,Auvergne-Rhône-Alpes,25-44 ans,Hommes,1218.0,121.3,
2024,84,Auvergne-Rhône-Alpes,25-44 ans,Hommes et Femmes,2576.0,127.1,
2024,84,Auvergne-Rhône-Alpes,45-64 ans,Femmes,1244.0,118.5,
2024,84,Auvergne-Rhône-Alpes,45-64 ans,Hommes,1003.0,97.5,
2024,84,Auvergne-Rhône-Alpes,45-64 ans,Hommes et Femmes,2247.0,108.1,
2024,84,Auvergne-Rhône-Alpes,65 ans et plus,Femmes,636.0,64.7,
2024,84,Auvergne-Rhône-Alpes,65 ans et plus,Hommes,427.0,56.0,
2024,84,Auvergne-Rhône-Alpes,65 ans et plus,Hommes et Femmes,1063.0,60.9,
2024,84,Auvergne-Rhône-Alpes,Tous,Femmes,6019.0,142.8,142.6
2024,84,Auvergne-Rhône-Alpes,Tous,Hommes,3427.5,85.2,85.0
2024,84,Auvergne-Rhône-Alpes,Tous,Hommes et Femmes,9446.5,114.7,114.7
2024,27,Bourgogne-Franche-Comté,00-10 ans,Femmes,1.25,0.8,
2024,27,Bourgogne-Franche-Comté,00-10 ans,Hommes,5.0,3.1,
2024,27,Bourgogne-Franche-Comté,00-10 ans,Hommes et Femmes,6.25,2.0,
2024,27,Bourgogne-Franche-Comté,11-17 ans,Femmes,848.75,746.2,
2024,27,Bourgogne-Franche-Comté,11-17 ans,Hommes,135.0,110.2,
2024,27,Bourgogne-Franche-Comté,11-17 ans,Hommes et Femmes,983.75,416.4,
2024,27,Bourgogne-Franche-Comté,18-24 ans,Femmes,380.0,385.3,
2024,27,Bourgogne-Franche-Comté,18-24 ans,Hommes,195.0,174.8,
2024,27,Bourgogne-Franche-Comté,18-24 ans,Hommes et Femmes,575.0,273.6,
2024,27,Bourgogne-Franche-Comté,25-44 ans,Femmes,497.0,159.9,
2024,27,Bourgogne-Franche-Comté,25-44 ans,Hommes,462.0,147.8,
2024,27,Bourgogne-Franche-Comté,25-44 ans,Hommes et Femmes,959.0,153.8,
2024,27,Bourgogne-Franche-Comté,45-64 ans,Femmes,561.0,152.6,
2024,27,Bourgogne-Franche-Comté,45-64 ans,Hommes,370.0,103.0,
2024,27,Bourgogne-Franche-Comté,45-64 ans,Hommes et Femmes,931.0,128.1,
2024,27,Bourgogne-Franche-Comté,65 ans et plus,Femmes,242.0,62.4,
2024,27,Bourgogne-Franche-Comté,65 ans et plus,Hommes,160.0,52.6,
2024,27,Bourgogne-Franche-Comté,65 ans et plus,Hommes et Femmes,402.0,58.1,
2024,27,Bourgogne-Franche-Comté,Tous,Femmes,2533.0,177.0,183.2
2024,27,Bourgogne-Franche-Comté,Tous,Hommes,1327.0,96.9,98.5
2024,27,Bourgogne-Franche-Comté,Tous,Hommes et Femmes,3860.0,137.8,142.1
2024,53,Bretagne,00-10 ans,Femmes,1.25,0.7,
2024,53,Bretagne,00-10 ans,Hommes,0.0,0.0,
2024,53,Bretagne,00-10 ans,Hommes et Femmes,1.25,0.3,
2024,53,Bretagne,11-17 ans,Femmes,867.75,595.6,
2024,53,Bretagne,11-17 ans,Hommes,136.0,88.3,
2024,53,Bretagne,11-17 ans,Hommes et Femmes,1003.75,335.0,
2024,53,Bretagne,18-24 ans,Femmes,583.0,454.8,
2024,53,Bretagne,18-24 ans,Hommes,250.0,178.7,
2024,53,Bretagne,18-24 ans,Hommes et Femmes,833.0,310.7,
2024,53,Bretagne,25-44 ans,Femmes,761.0,195.9,
2024,53,Bretagne,25-44 ans,Hommes,750.0,191.9,
2024,53,Bretagne,25-44 ans,Hommes et Femmes,1511.0,193.9,
2024,53,Bretagne,45-64 ans,Femmes,811.0,178.0,
2024,53,Bretagne,45-64 ans,Hommes,597.0,133.9,
2024,53,Bretagne,45-64 ans,Hommes et Femmes,1408.0,156.2,
2024,53,Bretagne,65 ans et plus,Femmes,403.0,85.0,
2024,53,Bretagne,65 ans et plus,Hommes,236.0,65.0,
2024,53,Bretagne,65 ans et plus,Hommes et Femmes,639.0,76.3,
2024,53,Bretagne,Tous,Femmes,3431.0,192.8,196.4
2024,53,Bretagne,Tous,Hommes,1969.0,116.5,117.5
2024,53,Bretagne,Tous,Hommes et Femmes,5400.0,155.6,158.1
2024,24,Centre-Val de Loire,00-10 ans,Femmes,1.25,0.9,
2024,24,Centre-Val de Loire,00-10 ans,Hommes,1.25,0.8,
2024,24,Centre-Val de Loire,00-10 ans,Hommes et Femmes,5.0,1.7,
2024,24,Centre-Val de Loire,11-17 ans,Femmes,518.75,469.1,
2024,24,Centre-Val de Loire,11-17 ans,Hommes,81.75,69.8,
2024,24,Centre-Val de Loire,11-17 ans,Hommes et Femmes,603.0,264.8,
2024,24,Centre-Val de Loire,18-24 ans,Femmes,354.0,387.6,
2024,24,Centre-Val de Loire,18-24 ans,Hommes,169.0,168.7,
2024,24,Centre-Val de Loire,18-24 ans,Hommes et Femmes,523.0,273.1,
2024,24,Centre-Val de Loire,25-44 ans,Femmes,380.0,129.4,
2024,24,Centre-Val de Loire,25-44 ans,Hommes,402.0,140.7,
2024,24,Centre-Val de Loire,25-44 ans,Hommes et Femmes,782.0,135.0,
2024,24,Centre-Val de Loire,45-64 ans,Femmes,417.0,123.0,
2024,24,Centre-Val de Loire,45-64 ans,Hommes,315.0,96.2,
2024,24,Centre-Val de Loire,45-64 ans,Hommes et Femmes,732.0,109.8,
2024,24,Centre-Val de Loire,65 ans et plus,Femmes,238.0,68.2,
2024,24,Centre-Val de Loire,65 ans et plus,Hommes,140.0,51.4,
2024,24,Centre-Val de Loire,65 ans et plus,Hommes et Femmes,378.0,60.8,
2024,24,Centre-Val de Loire,Tous,Femmes,1911.0,143.6,147.0
2024,24,Centre-Val de Loire,Tous,Hommes,1112.0,88.4,90.4
2024,24,Centre-Val de Loire,Tous,Hommes et Femmes,3023.0,116.8,119.6
2024,94,Corse,00-10 ans,Femmes,0.0,0.0,
2024,94,Corse,00-10 ans,Hommes,0.0,0.0,
2024,94,Corse,00-10 ans,Hommes et Femmes,0.0,0.0,
2024,94,Corse,11-17 ans,Femmes,41.0,323.5,
2024,94,Corse,11-17 ans,Hommes,5.0,36.9,
2024,94,Corse,11-17 ans,Hommes et Femmes,46.0,175.5,
2024,94,Corse,18-24 ans,Femmes,16.0,140.4,
2024,94,Corse,18-24 ans,Hommes,11.0,90.4,
2024,94,Corse,18-24 ans,Hommes et Femmes,27.0,114.6,
2024,94,Corse,25-44 ans,Femmes,45.0,102.9,
2024,94,Corse,25-44 ans,Hommes,29.0,70.9,
2024,94,Corse,25-44 ans,Hommes et Femmes,74.0,87.5,
2024,94,Corse,45-64 ans,Femmes,44.0,89.6,
2024,94,Corse,45-64 ans,Hommes,32.0,67.8,
2024,94,Corse,45-64 ans,Hommes et Femmes,76.0,78.9,
2024,94,Corse,65 ans et plus,Femmes,24.0,48.5,
2024,94,Corse,65 ans et plus,Hommes,12.0,29.1,
2024,94,Corse,65 ans et plus,Hommes et Femmes,36.0,39.6,
2024,94,Corse,Tous,Femmes,170.0,91.9,96.2
2024,94,Corse,Tous,Hommes,89.0,51.2,51.6
2024,94,Corse,Tous,Hommes et Femmes,259.0,72.2,74.6
2024,44,Grand Est,00-10 ans,Femmes,6.0,2.0,
2024,44,Grand Est,00-10 ans,Hommes,12.25,3.8,
2024,44,Grand Est,00-10 ans,Hommes et Femmes,18.25,2.9,
2024,44,Grand Est,11-17 ans,Femmes,1158.0,507.1,
2024,44,Grand Est,11-17 ans,Hommes,186.25,76.6,
2024,44,Grand Est,11-17 ans,Hommes et Femmes,1344.25,285.0,
2024,44,Grand Est,18-24 ans,Femmes,577.0,267.9,
2024,44,Grand Est,18-24 ans,Hommes,301.0,128.5,
2024,44,Grand Est,18-24 ans,Hommes et Femmes,878.0,195.3,
2024,44,Grand Est,25-44 ans,Femmes,780.0,116.4,
2024,44,Grand Est,25-44 ans,Hommes,830.0,124.3,
2024,44,Grand Est,25-44 ans,Hommes et Femmes,1610.0,120.3,
2024,44,Grand Est,45-64 ans,Femmes,797.0,108.8,
2024,44,Grand Est,45-64 ans,Hommes,647.0,90.6,
2024,44,Grand Est,45-64 ans,Hommes et Femmes,1444.0,99.8,
2024,44,Grand Est,65 ans et plus,Femmes,458.0,66.5,
2024,44,Grand Est,65 ans et plus,Hommes,240.0,44.7,
2024,44,Grand Est,65 ans et plus,Hommes et Femmes,698.0,57.0,
2024,44,Grand Est,Tous,Femmes,3776.0,133.0,133.7
2024,44,Grand Est,Tous,Hommes,2212.5,81.4,80.9
2024,44,Grand Est,Tous,Hommes et Femmes,5988.5,107.8,108.1
2024,1,Guadeloupe,00-10 ans,Femmes,0.0,0.0,
2024,1,Guadeloupe,00-10 ans,Hommes,1.25,5.7,
2024,1,Guadeloupe,00-10 ans,Hommes et Femmes,1.25,2.9,
2024,1,Guadeloupe,11-17 ans,Femmes,24.0,148.2,
2024,1,Guadeloupe,11-17 ans,Hommes,4.75,27.1,
2024,1,Guadeloupe,11-17 ans,Hommes et Femmes,28.75,85.3,
2024,1,Guadeloupe,18-24 ans,Femmes,11.0,81.3,
2024,1,Guadeloupe,18-24 ans,Hommes,2.5,18.2,
2024,1,Guadeloupe,18-24 ans,Hommes et Femmes,13.5,49.5,
2024,1,Guadeloupe,25-44 ans,Femmes,8.0,18.5,
2024,1,Guadeloupe,25-44 ans,Hommes,14.0,44.7,
2024,1,Guadeloupe,25-44 ans,Hommes et Femmes,22.0,29.5,
2024,1,Guadeloupe,45-64 ans,Femmes,10.0,15.6,
2024,1,Guadeloupe,45-64 ans,Hommes,8.0,15.5,
2024,1,Guadeloupe,45-64 ans,Hommes et Femmes,18.0,15.5,
2024,1,Guadeloupe,65 ans et plus,Femmes,5.0,10.0,
2024,1,Guadeloupe,65 ans et plus,Hommes,7.0,17.8,
2024,1,Guadeloupe,65 ans et plus,Hommes et Femmes,12.0,13.4,
2024,1,Guadeloupe,Tous,Femmes,58.0,27.8,29.3
2024,1,Guadeloupe,Tous,Hommes,41.5,23.6,26.3
2024,1,Guadeloupe,Tous,Hommes et Femmes,99.5,25.9,27.8
2024,3,Guyane,00-10 ans,Femmes,7.0,21.0,
2024,3,Guyane,00-10 ans,Hommes,6.0,17.6,
2024,3,Guyane,00-10 ans,Hommes et Femmes,13.0,19.3,
2024,3,Guyane,11-17 ans,Femmes,32.0,154.1,
2024,3,Guyane,11-17 ans,Hommes,9.0,42.4,
2024,3,Guyane,11-17 ans,Hommes et Femmes,41.0,97.7,
2024,3,Guyane,18-24 ans,Femmes,25.0,153.8,
2024,3,Guyane,18-24 ans,Hommes,13.0,87.4,
2024,3,Guyane,18-24 ans,Hommes et Femmes,38.0,122.1,
2024,3,Guyane,25-44 ans,Femmes,34.0,80.5,
2024,3,Guyane,25-44 ans,Hommes,14.0,39.3,
2024,3,Guyane,25-44 ans,Hommes et Femmes,48.0,61.7,
2024,3,Guyane,45-64 ans,Femmes,8.0,27.7,
2024,3,Guyane,45-64 ans,Hommes,6.0,22.1,
2024,3,Guyane,45-64 ans,Hommes et Femmes,14.0,25.0,
2024,3,Guyane,65 ans et plus,Femmes,5.0,44.0,
2024,3,Guyane,65 ans et plus,Hommes,2.5,24.2,
2024,3,Guyane,65 ans et plus,Hommes et Femmes,7.5,34.5,
2024,3,Guyane,Tous,Femmes,111.0,72.6,63.5
2024,3,Guyane,Tous,Hommes,50.5,35.3,36.4
2024,3,Guyane,Tous,Hommes et Femmes,161.5,54.5,50.4
2024,32,Hauts de France,00-10 ans,Femmes,16.0,4.3,
2024,32,Hauts de France,00-10 ans,Hommes,21.0,5.4,
2024,32,Hauts de France,00-10 ans,Hommes et Femmes,37.0,4.9,
2024,32,Hauts de France,11-17 ans,Femmes,2108.0,771.6,
2024,32,Hauts de France,11-17 ans,Hommes,373.0,128.8,
2024,32,Hauts de France,11-17 ans,Hommes et Femmes,2481.0,440.9,
2024,32,Hauts de France,18-24 ans,Femmes,1291.0,508.3,
2024,32,Hauts de France,18-24 ans,Hommes,651.0,244.7,
2024,32,Hauts de France,18-24 ans,Hommes et Femmes,1942.0,373.4,
2024,32,Hauts de France,25-44 ans,Femmes,1720.0,233.1,
2024,32,Hauts de France,25-44 ans,Hommes,1779.0,245.7,
2024,32,Hauts de France,25-44 ans,Hommes et Femmes,3499.0,239.4,
2024,32,Hauts de France,45-64 ans,Femmes,1689.0,223.0,
2024,32,Hauts de France,45-64 ans,Hommes,1405.0,190.3,
2024,32,Hauts de France,45-64 ans,Hommes et Femmes,3094.0,206.9,
2024,32,Hauts de France,65 ans et plus,Femmes,678.0,99.0,
2024,32,Hauts de France,65 ans et plus,Hommes,379.0,75.2,
2024,32,Hauts de France,65 ans et plus,Hommes et Femmes,1057.0,88.9,
2024,32,Hauts de France,Tous,Femmes,7502.0,243.9,238.8
2024,32,Hauts de France,Tous,Hommes,4608.0,158.4,157.3
2024,32,Hauts de France,Tous,Hommes et Femmes,12110.0,202.4,199.3
2024,11,Ile-de-France,00-10 ans,Femmes,31.0,3.9,
2024,11,Ile-de-France,00-10 ans,Hommes,46.75,5.7,
2024,11,Ile-de-France,00-10 ans,Hommes et Femmes,77.75,4.8,
2024,11,Ile-de-France,11-17 ans,Femmes,2047.0,371.1,
2024,11,Ile-de-France,11-17 ans,Hommes,303.0,52.5,
2024,11,Ile-de-France,11-17 ans,Hommes et Femmes,2350.0,208.3,
2024,11,Ile-de-France,18-24 ans,Femmes,1140.0,191.8,
2024,11,Ile-de-France,18-24 ans,Hommes,443.0,75.5,
2024,11,Ile-de-France,18-24 ans,Hommes et Femmes,1583.0,134.0,
2024,11,Ile-de-France,25-44 ans,Femmes,1101.0,61.0,
2024,11,Ile-de-France,25-44 ans,Hommes,904.0,53.0,
2024,11,Ile-de-France,25-44 ans,Hommes et Femmes,2005.0,57.1,
2024,11,Ile-de-France,45-64 ans,Femmes,933.0,59.8,
2024,11,Ile-de-France,45-64 ans,Hommes,778.0,51.9,
2024,11,Ile-de-France,45-64 ans,Hommes et Femmes,1711.0,55.9,
2024,11,Ile-de-France,65 ans et plus,Femmes,581.0,50.4,
2024,11,Ile-de-France,65 ans et plus,Hommes,333.0,38.3,
2024,11,Ile-de-France,65 ans et plus,Hommes et Femmes,914.0,45.2,
2024,11,Ile-de-France,Tous,Femmes,5833.0,90.5,87.5
2024,11,Ile-de-France,Tous,Hommes,2807.75,46.3,45.8
2024,11,Ile-de-France,Tous,Hommes et Femmes,8640.75,69.1,67.2
2024,4,La Réunion,00-10 ans,Femmes,5.0,7.5,
2024,4,La Réunion,00-10 ans,Hommes,1.25,1.9,
2024,4,La Réunion,00-10 ans,Hommes et Femmes,6.25,4.7,
2024,4,La Réunion,11-17 ans,Femmes,325.0,688.7,
2024,4,La Réunion,11-17 ans,Hommes,45.75,93.3,
2024,4,La Réunion,11-17 ans,Hommes et Femmes,370.75,385.3,
2024,4,La Réunion,18-24 ans,Femmes,110.0,295.9,
2024,4,La Réunion,18-24 ans,Hommes,46.0,125.3,
2024,4,La Réunion,18-24 ans,Hommes et Femmes,156.0,211.2,
2024,4,La Réunion,25-44 ans,Femmes,178.0,150.7,
2024,4,La Réunion,25-44 ans,Hommes,151.0,155.7,
2024,4,La Réunion,25-44 ans,Hommes et Femmes,329.0,153.0,
2024,4,La Réunion,45-64 ans,Femmes,136.0,107.7,
2024,4,La Réunion,45-64 ans,Hommes,103.0,88.3,
2024,4,La Réunion,45-64 ans,Hommes et Femmes,239.0,98.4,
2024,4,La Réunion,65 ans et plus,Femmes,25.0,33.4,
2024,4,La Réunion,65 ans et plus,Hommes,21.0,34.6,
2024,4,La Réunion,65 ans et plus,Hommes et Femmes,46.0,33.9,
2024,4,La Réunion,Tous,Femmes,779.0,165.7,151.8
2024,4,La Réunion,Tous,Hommes,369.0,86.3,87.4
2024,4,La Réunion,Tous,Hommes et Femmes,1148.0,127.9,120.6
2024,2,Martinique,00-10 ans,Femmes,0.0,0.0,
2024,2,Martinique,00-10 ans,Hommes,2.5,12.8,
2024,2,Martinique,00-10 ans,Hommes et Femmes,2.5,6.5,
2024,2,Martinique,11-17 ans,Femmes,43.0,308.7,
2024,2,Martinique,11-17 ans,Hommes,2.5,16.9,
2024,2,Martinique,11-17 ans,Hommes et Femmes,45.5,158.4,
2024,2,Martinique,18-24 ans,Femmes,14.0,119.9,
2024,2,Martinique,18-24 ans,Hommes,2.5,21.5,
2024,2,Martinique,18-24 ans,Hommes et Femmes,16.5,70.8,
2024,2,Martinique,25-44 ans,Femmes,19.0,47.2,
2024,2,Martinique,25-44 ans,Hommes,21.0,69.7,
2024,2,Martinique,25-44 ans,Hommes et Femmes,40.0,56.8,
2024,2,Martinique,45-64 ans,Femmes,22.0,36.5,
2024,2,Martinique,45-64 ans,Hommes,8.0,16.1,
2024,2,Martinique,45-64 ans,Hommes et Femmes,30.0,27.3,
2024,2,Martinique,65 ans et plus,Femmes,6.0,11.9,
2024,2,Martinique,65 ans et plus,Hommes,12.0,30.8,
2024,2,Martinique,65 ans et plus,Hommes et Femmes,18.0,20.1,
2024,2,Martinique,Tous,Femmes,104.0,53.2,58.1
2024,2,Martinique,Tous,Hommes,47.0,28.5,31.1
2024,2,Martinique,Tous,Hommes et Femmes,151.0,41.9,45.0
2024,6,Mayotte,00-10 ans,Femmes,0.0,0.0,
2024,6,Mayotte,00-10 ans,Hommes,0.0,0.0,
2024,6,Mayotte,00-10 ans,Hommes et Femmes,0.0,0.0,
2024,6,Mayotte,11-17 ans,Femmes,2.5,8.7,
2024,6,Mayotte,11-17 ans,Hommes,0.0,0.0,
2024,6,Mayotte,11-17 ans,Hommes et Femmes,2.5,4.5,
2024,6,Mayotte,18-24 ans,Femmes,2.5,14.6,
2024,6,Mayotte,18-24 ans,Hommes,0.0,0.0,
2024,6,Mayotte,18-24 ans,Hommes et Femmes,2.5,8.1,
2024,6,Mayotte,25-44 ans,Femmes,2.5,5.3,
2024,6,Mayotte,25-44 ans,Hommes,2.5,7.0,
2024,6,Mayotte,25-44 ans,Hommes et Femmes,5.0,6.1,
2024,6,Mayotte,45-64 ans,Femmes,0.0,0.0,
2024,6,Mayotte,45-64 ans,Hommes,2.5,13.1,
2024,6,Mayotte,45-64 ans,Hommes et Femmes,2.5,6.8,
2024,6,Mayotte,65 ans et plus,Femmes,0.0,0.0,
2024,6,Mayotte,65 ans et plus,Hommes,0.0,0.0,
2024,6,Mayotte,65 ans et plus,Hommes et Femmes,0.0,0.0,
2024,6,Mayotte,Tous,Femmes,6.0,3.6,2.4
2024,6,Mayotte,Tous,Hommes,5.0,3.3,5.4
2024,6,Mayotte,Tous,Hommes et Femmes,11.0,3.4,3.9
2024,28,Normandie,00-10 ans,Femmes,10.0,5.2,
2024,28,Normandie,00-10 ans,Hommes,11.0,5.5,
2024,28,Normandie,00-10 ans,Hommes et Femmes,21.0,5.4,
2024,28,Normandie,11-17 ans,Femmes,1048.0,734.0,
2024,28,Normandie,11-17 ans,Hommes,177.0,117.1,
2024,28,Normandie,11-17 ans,Hommes et Femmes,1225.0,416.8,
2024,28,Normandie,18-24 ans,Femmes,591.0,471.8,
2024,28,Normandie,18-24 ans,Hommes,248.0,182.4,
2024,28,Normandie,18-24 ans,Hommes et Femmes,839.0,321.1,
2024,28,Normandie,25-44 ans,Femmes,777.0,201.1,
2024,28,Normandie,25-44 ans,Hommes,701.0,184.6,
2024,28,Normandie,25-44 ans,Hommes et Femmes,1478.0,192.9,
2024,28,Normandie,45-64 ans,Femmes,702.0,161.3,
2024,28,Normandie,45-64 ans,Hommes,573.0,137.4,
2024,28,Normandie,45-64 ans,Hommes et Femmes,1275.0,149.6,
2024,28,Normandie,65 ans et plus,Femmes,396.0,88.8,
2024,28,Normandie,65 ans et plus,Hommes,235.0,69.6,
2024,28,Normandie,65 ans et plus,Hommes et Femmes,631.0,80.5,
2024,28,Normandie,Tous,Femmes,3524.0,204.0,207.4
2024,28,Normandie,Tous,Hommes,1945.0,119.9,121.2
2024,28,Normandie,Tous,Hommes et Femmes,5469.0,163.3,165.6
2024,75,Nouvelle Aquitaine,00-10 ans,Femmes,7.0,2.2,
2024,75,Nouvelle Aquitaine,00-10 ans,Hommes,18.25,5.5,
2024,75,Nouvelle Aquitaine,00-10 ans,Hommes et Femmes,25.25,3.9,
2024,75,Nouvelle Aquitaine,11-17 ans,Femmes,1370.0,566.4,
2024,75,Nouvelle Aquitaine,11-17 ans,Hommes,214.25,83.9,
2024,75,Nouvelle Aquitaine,11-17 ans,Hommes et Femmes,1584.25,318.7,
2024,75,Nouvelle Aquitaine,18-24 ans,Femmes,857.0,394.5,
2024,75,Nouvelle Aquitaine,18-24 ans,Hommes,374.0,158.1,
2024,75,Nouvelle Aquitaine,18-24 ans,Hommes et Femmes,1231.0,271.3,
2024,75,Nouvelle Aquitaine,25-44 ans,Femmes,1096.0,156.4,
2024,75,Nouvelle Aquitaine,25-44 ans,Hommes,998.0,146.2,
2024,75,Nouvelle Aquitaine,25-44 ans,Hommes et Femmes,2094.0,151.4,
2024,75,Nouvelle Aquitaine,45-64 ans,Femmes,1122.0,134.8,
2024,75,Nouvelle Aquitaine,45-64 ans,Hommes,855.0,108.1,
2024,75,Nouvelle Aquitaine,45-64 ans,Hommes et Femmes,1977.0,121.8,
2024,75,Nouvelle Aquitaine,65 ans et plus,Femmes,607.0,68.5,
2024,75,Nouvelle Aquitaine,65 ans et plus,Hommes,355.0,51.3,
2024,75,Nouvelle Aquitaine,65 ans et plus,Hommes et Femmes,962.0,60.9,
2024,75,Nouvelle Aquitaine,Tous,Femmes,5059.0,158.4,165.1
2024,75,Nouvelle Aquitaine,Tous,Hommes,2811.5,94.1,95.5
2024,75,Nouvelle Aquitaine,Tous,Hommes et Femmes,7870.5,127.3,131.3
2024,76,Occitanie,00-10 ans,Femmes,12.0,3.6,
2024,76,Occitanie,00-10 ans,Hommes,17.0,4.9,
2024,76,Occitanie,00-10 ans,Hommes et Femmes,29.0,4.3,
2024,76,Occitanie,11-17 ans,Femmes,953.0,382.6,
2024,76,Occitanie,11-17 ans,Hommes,176.0,66.9,
2024,76,Occitanie,11-17 ans,Hommes et Femmes,1129.0,220.4,
2024,76,Occitanie,18-24 ans,Femmes,712.0,301.8,
2024,76,Occitanie,18-24 ans,Hommes,291.0,116.3,
2024,76,Occitanie,18-24 ans,Hommes et Femmes,1003.0,206.3,
2024,76,Occitanie,25-44 ans,Femmes,848.0,117.1,
2024,76,Occitanie,25-44 ans,Hommes,770.0,109.8,
2024,76,Occitanie,25-44 ans,Hommes et Femmes,1618.0,113.5,
2024,76,Occitanie,45-64 ans,Femmes,992.0,121.7,
2024,76,Occitanie,45-64 ans,Hommes,705.0,91.0,
2024,76,Occitanie,45-64 ans,Hommes et Femmes,1697.0,106.7,
2024,76,Occitanie,65 ans et plus,Femmes,528.5,63.9,
2024,76,Occitanie,65 ans et plus,Hommes,281.5,43.2,
2024,76,Occitanie,65 ans et plus,Hommes et Femmes,810.0,54.8,
2024,76,Occitanie,Tous,Femmes,4045.5,127.2,129.1
2024,76,Occitanie,Tous,Hommes,2240.5,75.1,75.4
2024,76,Occitanie,Tous,Hommes et Femmes,6288.0,102.0,103.1
2024,93,PACA,00-10 ans,Femmes,8.0,2.8,
2024,93,PACA,00-10 ans,Hommes,8.0,2.7,
2024,93,PACA,00-10 ans,Hommes et Femmes,16.0,2.7,
2024,93,PACA,11-17 ans,Femmes,1078.0,526.3,
2024,93,PACA,11-17 ans,Hommes,155.0,71.2,
2024,93,PACA,11-17 ans,Hommes et Femmes,1233.0,291.7,
2024,93,PACA,18-24 ans,Femmes,542.0,289.8,
2024,93,PACA,18-24 ans,Hommes,226.0,113.6,
2024,93,PACA,18-24 ans,Hommes et Femmes,768.0,198.9,
2024,93,PACA,25-44 ans,Femmes,735.0,117.5,
2024,93,PACA,25-44 ans,Hommes,641.0,108.4,
2024,93,PACA,25-44 ans,Hommes et Femmes,1376.0,113.1,
2024,93,PACA,45-64 ans,Femmes,843.0,120.0,
2024,93,PACA,45-64 ans,Hommes,587.0,90.0,
2024,93,PACA,45-64 ans,Hommes et Femmes,1430.0,105.5,
2024,93,PACA,65 ans et plus,Femmes,546.0,74.7,
2024,93,PACA,65 ans et plus,Hommes,297.0,53.4,
2024,93,PACA,65 ans et plus,Hommes et Femmes,843.0,65.5,
2024,93,PACA,Tous,Femmes,3752.0,137.2,142.1
2024,93,PACA,Tous,Hommes,1914.0,76.0,76.6
2024,93,PACA,Tous,Hommes et Femmes,5666.0,107.9,110.4
2024,52,Pays de la Loire,00-10 ans,Femmes,1.25,0.6,
2024,52,Pays de la Loire,00-10 ans,Hommes,10.0,4.1,
2024,52,Pays de la Loire,00-10 ans,Hommes et Femmes,11.25,2.4,
2024,52,Pays de la Loire,11-17 ans,Femmes,1026.75,590.0,
2024,52,Pays de la Loire,11-17 ans,Hommes,171.0,93.0,
2024,52,Pays de la Loire,11-17 ans,Hommes et Femmes,1197.75,334.7,
2024,52,Pays de la Loire,18-24 ans,Femmes,525.0,344.6,
2024,52,Pays de la Loire,18-24 ans,Hommes,225.0,136.1,
2024,52,Pays de la Loire,18-24 ans,Hommes et Femmes,750.0,236.1,
2024,52,Pays de la Loire,25-44 ans,Femmes,604.0,130.7,
2024,52,Pays de la Loire,25-44 ans,Hommes,650.0,141.2,
2024,52,Pays de la Loire,25-44 ans,Hommes et Femmes,1254.0,136.0,
2024,52,Pays de la Loire,45-64 ans,Femmes,645.0,129.4,
2024,52,Pays de la Loire,45-64 ans,Hommes,497.0,101.9,
2024,52,Pays de la Loire,45-64 ans,Hommes et Femmes,1142.0,115.8,
2024,52,Pays de la Loire,65 ans et plus,Femmes,325.0,66.0,
2024,52,Pays de la Loire,65 ans et plus,Hommes,233.0,61.0,
2024,52,Pays de la Loire,65 ans et plus,Hommes et Femmes,558.0,63.8,
2024,52,Pays de la Loire,Tous,Femmes,3130.0,156.0,155.0
2024,52,Pays de la Loire,Tous,Hommes,1786.0,93.0,93.3
2024,52,Pays de la Loire,Tous,Hommes et Femmes,4916.0,125.2,125.1
2023,84,Auvergne-Rhône-Alpes,00-10 ans,Femmes,6.0,1.2,
2023,84,Auvergne-Rhône-Alpes,00-10 ans,Hommes,10.0,1.9,
2023,84,Auvergne-Rhône-Alpes,00-10 ans,Hommes et Femmes,16.0,1.6,
2023,84,Auvergne-Rhône-Alpes,11-17 ans,Femmes,1318.0,375.3,
2023,84,Auvergne-Rhône-Alpes,11-17 ans,Hommes,221.0,59.4,
2023,84,Auvergne-Rhône-Alpes,11-17 ans,Hommes et Femmes,1539.0,212.8,
2023,84,Auvergne-Rhône-Alpes,18-24 ans,Femmes,1092.0,338.5,
2023,84,Auvergne-Rhône-Alpes,18-24 ans,Hommes,440.0,128.7,
2023,84,Auvergne-Rhône-Alpes,18-24 ans,Hommes et Femmes,1532.0,230.6,
2023,84,Auvergne-Rhône-Alpes,25-44 ans,Femmes,1283.0,126.2,
2023,84,Auvergne-Rhône-Alpes,25-44 ans,Hommes,1089.0,109.4,
2023,84,Auvergne-Rhône-Alpes,25-44 ans,Hommes et Femmes,2372.0,117.9,
2023,84,Auvergne-Rhône-Alpes,45-64 ans,Femmes,1163.0,110.8,
2023,84,Auvergne-Rhône-Alpes,45-64 ans,Hommes,926.0,90.2,
2023,84,Auvergne-Rhône-Alpes,45-64 ans,Hommes et Femmes,2089.0,100.6,
2023,84,Auvergne-Rhône-Alpes,65 ans et plus,Femmes,581.0,60.0,
2023,84,Auvergne-Rhône-Alpes,65 ans et plus,Hommes,394.0,52.7,
2023,84,Auvergne-Rhône-Alpes,65 ans et plus,Hommes et Femmes,975.0,56.8,
2023,84,Auvergne-Rhône-Alpes,Tous,Femmes,5443.0,129.5,129.5
2023,84,Auvergne-Rhône-Alpes,Tous,Hommes,3080.0,76.9,76.9
2023,84,Auvergne-Rhône-Alpes,Tous,Hommes et Femmes,8523.0,103.9,104.0
2023,27,Bourgogne-Franche-Comté,00-10 ans,Femmes,6.0,3.9,
2023,27,Bourgogne-Franche-Comté,00-10 ans,Hommes,7.25,4.5,
2023,27,Bourgogne-Franche-Comté,00-10 ans,Hommes et Femmes,13.25,4.2,
2023,27,Bourgogne-Franche-Comté,11-17 ans,Femmes,670.0,588.6,
2023,27,Bourgogne-Franche-Comté,11-17 ans,Hommes,113.25,92.2,
2023,27,Bourgogne-Franche-Comté,11-17 ans,Hommes et Femmes,783.25,331.0,
2023,27,Bourgogne-Franche-Comté,18-24 ans,Femmes,409.0,414.6,
2023,27,Bourgogne-Franche-Comté,18-24 ans,Hommes,157.0,140.8,
2023,27,Bourgogne-Franche-Comté,18-24 ans,Hommes et Femmes,566.0,269.3,
2023,27,Bourgogne-Franche-Comté,25-44 ans,Femmes,458.0,147.4,
2023,27,Bourgogne-Franche-Comté,25-44 ans,Hommes,461.0,148.0,
2023,27,Bourgogne-Franche-Comté,25-44 ans,Hommes et Femmes,919.0,147.7,
2023,27,Bourgogne-Franche-Comté,45-64 ans,Femmes,552.0,148.7,
2023,27,Bourgogne-Franche-Comté,45-64 ans,Hommes,395.0,109.3,
2023,27,Bourgogne-Franche-Comté,45-64 ans,Hommes et Femmes,947.0,129.3,
2023,27,Bourgogne-Franche-Comté,65 ans et plus,Femmes,269.0,70.1,
2023,27,Bourgogne-Franche-Comté,65 ans et plus,Hommes,162.0,54.0,
2023,27,Bourgogne-Franche-Comté,65 ans et plus,Hommes et Femmes,431.0,63.1,
2023,27,Bourgogne-Franche-Comté,Tous,Femmes,2364.0,164.9,170.4
2023,27,Bourgogne-Franche-Comté,Tous,Hommes,1294.5,94.5,95.8
2023,27,Bourgogne-Franche-Comté,Tous,Hommes et Femmes,3658.5,130.5,134.2
2023,53,Bretagne,00-10 ans,Femmes,7.0,3.7,
2023,53,Bretagne,00-10 ans,Hommes,7.0,3.5,
2023,53,Bretagne,00-10 ans,Hommes et Femmes,14.0,3.6,
2023,53,Bretagne,11-17 ans,Femmes,816.0,561.4,
2023,53,Bretagne,11-17 ans,Hommes,104.0,67.7,
2023,53,Bretagne,11-17 ans,Hommes et Femmes,920.0,307.6,
2023,53,Bretagne,18-24 ans,Femmes,620.0,485.4,
2023,53,Bretagne,18-24 ans,Hommes,228.0,163.5,
2023,53,Bretagne,18-24 ans,Hommes et Femmes,848.0,317.4,
2023,53,Bretagne,25-44 ans,Femmes,751.0,194.9,
2023,53,Bretagne,25-44 ans,Hommes,726.0,187.7,
2023,53,Bretagne,25-44 ans,Hommes et Femmes,1477.0,191.3,
2023,53,Bretagne,45-64 ans,Femmes,803.0,176.1,
2023,53,Bretagne,45-64 ans,Hommes,646.0,144.9,
2023,53,Bretagne,45-64 ans,Hommes et Femmes,1449.0,160.7,
2023,53,Bretagne,65 ans et plus,Femmes,441.0,94.7,
2023,53,Bretagne,65 ans et plus,Hommes,258.0,72.9,
2023,53,Bretagne,65 ans et plus,Hommes et Femmes,699.0,85.3,
2023,53,Bretagne,Tous,Femmes,3438.0,194.3,197.6
2023,53,Bretagne,Tous,Hommes,1969.0,117.2,118.0
2023,53,Bretagne,Tous,Hommes et Femmes,5407.0,156.8,159.0
2023,24,Centre-Val de Loire,00-10 ans,Femmes,1.25,0.8,
2023,24,Centre-Val de Loire,00-10 ans,Hommes,6.0,3.8,
2023,24,Centre-Val de Loire,00-10 ans,Hommes et Femmes,7.25,2.4,
2023,24,Centre-Val de Loire,11-17 ans,Femmes,426.75,387.6,
2023,24,Centre-Val de Loire,11-17 ans,Hommes,69.0,58.9,
2023,24,Centre-Val de Loire,11-17 ans,Hommes et Femmes,495.75,218.1,
2023,24,Centre-Val de Loire,18-24 ans,Femmes,347.0,379.4,
2023,24,Centre-Val de Loire,18-24 ans,Hommes,129.0,129.8,
2023,24,Centre-Val de Loire,18-24 ans,Hommes et Femmes,476.0,249.4,
2023,24,Centre-Val de Loire,25-44 ans,Femmes,397.0,135.7,
2023,24,Centre-Val de Loire,25-44 ans,Hommes,346.0,121.6,
2023,24,Centre-Val de Loire,25-44 ans,Hommes et Femmes,743.0,128.7,
2023,24,Centre-Val de Loire,45-64 ans,Femmes,444.0,130.1,
2023,24,Centre-Val de Loire,45-64 ans,Hommes,299.0,90.8,
2023,24,Centre-Val de Loire,45-64 ans,Hommes et Femmes,743.0,110.8,
2023,24,Centre-Val de Loire,65 ans et plus,Femmes,226.0,65.5,
2023,24,Centre-Val de Loire,65 ans et plus,Hommes,144.0,53.6,
2023,24,Centre-Val de Loire,65 ans et plus,Hommes et Femmes,370.0,60.3,
2023,24,Centre-Val de Loire,Tous,Femmes,1846.0,138.8,142.4
2023,24,Centre-Val de Loire,Tous,Hommes,993.0,79.0,80.5
2023,24,Centre-Val de Loire,Tous,Hommes et Femmes,2839.0,109.7,112.4
2023,94,Corse,00-10 ans,Femmes,0.0,0.0,
2023,94,Corse,00-10 ans,Hommes,0.0,0.0,
2023,94,Corse,00-10 ans,Hommes et Femmes,0.0,0.0,
2023,94,Corse,11-17 ans,Femmes,28.0,228.0,
2023,94,Corse,11-17 ans,Hommes,2.5,18.8,
2023,94,Corse,11-17 ans,Hommes et Femmes,30.5,119.3,
2023,94,Corse,18-24 ans,Femmes,9.5,83.1,
2023,94,Corse,18-24 ans,Hommes,2.5,20.5,
2023,94,Corse,18-24 ans,Hommes et Femmes,13.0,55.0,
2023,94,Corse,25-44 ans,Femmes,19.0,43.7,
2023,94,Corse,25-44 ans,Hommes,18.0,44.5,
2023,94,Corse,25-44 ans,Hommes et Femmes,37.0,44.1,
2023,94,Corse,45-64 ans,Femmes,33.0,67.7,
2023,94,Corse,45-64 ans,Hommes,21.0,44.7,
2023,94,Corse,45-64 ans,Hommes et Femmes,54.0,56.4,
2023,94,Corse,65 ans et plus,Femmes,18.0,37.1,
2023,94,Corse,65 ans et plus,Hommes,12.0,29.8,
2023,94,Corse,65 ans et plus,Hommes et Femmes,30.0,33.8,
2023,94,Corse,Tous,Femmes,107.5,58.7,61.8
2023,94,Corse,Tous,Hommes,57.5,33.4,31.6
2023,94,Corse,Tous,Hommes et Femmes,165.0,46.4,47.2
2023,44,Grand Est,00-10 ans,Femmes,13.0,4.2,
2023,44,Grand Est,00-10 ans,Hommes,20.0,6.1,
2023,44,Grand Est,00-10 ans,Hommes et Femmes,33.0,5.1,
2023,44,Grand Est,11-17 ans,Femmes,946.0,414.2,
2023,44,Grand Est,11-17 ans,Hommes,175.0,72.0,
2023,44,Grand Est,11-17 ans,Hommes et Femmes,1121.0,237.7,
2023,44,Grand Est,18-24 ans,Femmes,680.0,314.3,
2023,44,Grand Est,18-24 ans,Hommes,337.0,143.6,
2023,44,Grand Est,18-24 ans,Hommes et Femmes,1017.0,225.5,
2023,44,Grand Est,25-44 ans,Femmes,903.0,134.8,
2023,44,Grand Est,25-44 ans,Hommes,897.0,134.7,
2023,44,Grand Est,25-44 ans,Hommes et Femmes,1800.0,134.8,
2023,44,Grand Est,45-64 ans,Femmes,891.0,120.5,
2023,44,Grand Est,45-64 ans,Hommes,739.0,102.7,
2023,44,Grand Est,45-64 ans,Hommes et Femmes,1630.0,111.7,
2023,44,Grand Est,65 ans et plus,Femmes,452.0,66.6,
2023,44,Grand Est,65 ans et plus,Hommes,257.0,48.8,
2023,44,Grand Est,65 ans et plus,Hommes et Femmes,709.0,58.9,
2023,44,Grand Est,Tous,Femmes,3885.0,136.6,137.3
2023,44,Grand Est,Tous,Hommes,2425.0,89.2,88.6
2023,44,Grand Est,Tous,Hommes et Femmes,6310.0,113.4,113.7
2023,1,Guadeloupe,00-10 ans,Femmes,1.25,5.8,
2023,1,Guadeloupe,00-10 ans,Hommes,2.5,11.2,
2023,1,Guadeloupe,00-10 ans,Hommes et Femmes,3.75,8.5,
2023,1,Guadeloupe,11-17 ans,Femmes,16.75,100.8,
2023,1,Guadeloupe,11-17 ans,Hommes,2.5,13.9,
2023,1,Guadeloupe,11-17 ans,Hommes et Femmes,22.0,63.6,
2023,1,Guadeloupe,18-24 ans,Femmes,6.0,43.4,
2023,1,Guadeloupe,18-24 ans,Hommes,6.0,42.9,
2023,1,Guadeloupe,18-24 ans,Hommes et Femmes,12.0,43.1,
2023,1,Guadeloupe,25-44 ans,Femmes,13.0,30.0,
2023,1,Guadeloupe,25-44 ans,Hommes,9.0,28.7,
2023,1,Guadeloupe,25-44 ans,Hommes et Femmes,22.0,29.5,
2023,1,Guadeloupe,45-64 ans,Femmes,8.0,12.4,
2023,1,Guadeloupe,45-64 ans,Hommes,13.0,24.7,
2023,1,Guadeloupe,45-64 ans,Hommes et Femmes,21.0,17.9,
2023,1,Guadeloupe,65 ans et plus,Femmes,8.0,16.5,
2023,1,Guadeloupe,65 ans et plus,Hommes,2.5,6.7,
2023,1,Guadeloupe,65 ans et plus,Hommes et Femmes,10.5,12.2,
2023,1,Guadeloupe,Tous,Femmes,54.0,25.9,27.0
2023,1,Guadeloupe,Tous,Hommes,35.5,20.2,21.8
2023,1,Guadeloupe,Tous,Hommes et Femmes,89.5,23.3,24.5
2023,3,Guyane,00-10 ans,Femmes,7.0,20.9,
2023,3,Guyane,00-10 ans,Hommes,1.25,3.6,
2023,3,Guyane,00-10 ans,Hommes et Femmes,8.25,12.1,
2023,3,Guyane,11-17 ans,Femmes,40.0,192.4,
2023,3,Guyane,11-17 ans,Hommes,8.75,41.4,
2023,3,Guyane,11-17 ans,Hommes et Femmes,48.75,116.2,
2023,3,Guyane,18-24 ans,Femmes,26.0,160.9,
2023,3,Guyane,18-24 ans,Hommes,9.0,60.8,
2023,3,Guyane,18-24 ans,Hommes et Femmes,35.0,113.0,
2023,3,Guyane,25-44 ans,Femmes,35.0,83.4,
2023,3,Guyane,25-44 ans,Hommes,22.0,62.1,
2023,3,Guyane,25-44 ans,Hommes et Femmes,57.0,73.7,
2023,3,Guyane,45-64 ans,Femmes,14.0,49.4,
2023,3,Guyane,45-64 ans,Hommes,14.0,52.0,
2023,3,Guyane,45-64 ans,Hommes et Femmes,28.0,50.7,
2023,3,Guyane,65 ans et plus,Femmes,2.5,23.2,
2023,3,Guyane,65 ans et plus,Hommes,2.5,25.6,
2023,3,Guyane,65 ans et plus,Hommes et Femmes,7.0,34.1,
2023,3,Guyane,Tous,Femmes,124.5,82.1,69.7
2023,3,Guyane,Tous,Hommes,61.5,43.2,47.5
2023,3,Guyane,Tous,Hommes et Femmes,188.0,63.9,58.9
2023,32,Hauts de France,00-10 ans,Femmes,21.0,5.6,
2023,32,Hauts de France,00-10 ans,Hommes,21.0,5.3,
2023,32,Hauts de France,00-10 ans,Hommes et Femmes,42.0,5.4,
2023,32,Hauts de France,11-17 ans,Femmes,1728.0,631.7,
2023,32,Hauts de France,11-17 ans,Hommes,332.0,114.9,
2023,32,Hauts de France,11-17 ans,Hommes et Femmes,2060.0,366.3,
2023,32,Hauts de France,18-24 ans,Femmes,1271.0,497.4,
2023,32,Hauts de France,18-24 ans,Hommes,636.0,237.7,
2023,32,Hauts de France,18-24 ans,Hommes et Femmes,1907.0,364.5,
2023,32,Hauts de France,25-44 ans,Femmes,1695.0,229.8,
2023,32,Hauts de France,25-44 ans,Hommes,1794.0,248.2,
2023,32,Hauts de France,25-44 ans,Hommes et Femmes,3489.0,238.9,
2023,32,Hauts de France,45-64 ans,Femmes,1802.0,236.1,
2023,32,Hauts de France,45-64 ans,Hommes,1441.0,194.3,
2023,32,Hauts de France,45-64 ans,Hommes et Femmes,3243.0,215.5,
2023,32,Hauts de France,65 ans et plus,Femmes,690.0,102.3,
2023,32,Hauts de France,65 ans et plus,Hommes,385.0,77.9,
2023,32,Hauts de France,65 ans et plus,Hommes et Femmes,1075.0,92.0,
2023,32,Hauts de France,Tous,Femmes,7207.0,233.8,229.8
2023,32,Hauts de France,Tous,Hommes,4609.0,158.4,157.5
2023,32,Hauts de France,Tous,Hommes et Femmes,11816.0,197.2,194.8
2023,11,Ile-de-France,00-10 ans,Femmes,33.0,4.1,
2023,11,Ile-de-France,00-10 ans,Hommes,38.0,4.5,
2023,11,Ile-de-France,00-10 ans,Hommes et Femmes,71.0,4.3,
2023,11,Ile-de-France,11-17 ans,Femmes,1661.0,301.8,
2023,11,Ile-de-France,11-17 ans,Hommes,256.0,44.7,
2023,11,Ile-de-France,11-17 ans,Hommes et Femmes,1917.0,170.8,
2023,11,Ile-de-France,18-24 ans,Femmes,1086.0,183.8,
2023,11,Ile-de-France,18-24 ans,Hommes,384.0,65.8,
2023,11,Ile-de-France,18-24 ans,Hommes et Femmes,1470.0,125.2,
2023,11,Ile-de-France,25-44 ans,Femmes,1078.0,60.1,
2023,11,Ile-de-France,25-44 ans,Hommes,835.0,49.3,
2023,11,Ile-de-France,25-44 ans,Hommes et Femmes,1913.0,54.8,
2023,11,Ile-de-France,45-64 ans,Femmes,952.0,61.1,
2023,11,Ile-de-France,45-64 ans,Hommes,766.0,51.3,
2023,11,Ile-de-France,45-64 ans,Hommes et Femmes,1718.0,56.3,
2023,11,Ile-de-France,65 ans et plus,Femmes,545.0,48.1,
2023,11,Ile-de-France,65 ans et plus,Hommes,332.0,39.0,
2023,11,Ile-de-France,65 ans et plus,Hommes et Femmes,877.0,44.2,
2023,11,Ile-de-France,Tous,Femmes,5355.0,83.3,80.7
2023,11,Ile-de-France,Tous,Hommes,2611.0,43.3,43.1
2023,11,Ile-de-France,Tous,Hommes et Femmes,7966.0,63.9,62.5
2023,4,La Réunion,00-10 ans,Femmes,1.25,1.9,
2023,4,La Réunion,00-10 ans,Hommes,1.25,1.8,
2023,4,La Réunion,00-10 ans,Hommes et Femmes,8.0,5.9,
2023,4,La Réunion,11-17 ans,Femmes,284.75,606.8,
2023,4,La Réunion,11-17 ans,Hommes,46.75,95.4,
2023,4,La Réunion,11-17 ans,Hommes et Femmes,334.0,348.2,
2023,4,La Réunion,18-24 ans,Femmes,102.0,271.2,
2023,4,La Réunion,18-24 ans,Hommes,47.0,126.3,
2023,4,La Réunion,18-24 ans,Hommes et Femmes,149.0,199.1,
2023,4,La Réunion,25-44 ans,Femmes,156.0,132.6,
2023,4,La Réunion,25-44 ans,Hommes,168.0,174.0,
2023,4,La Réunion,25-44 ans,Hommes et Femmes,324.0,151.3,
2023,4,La Réunion,45-64 ans,Femmes,107.0,85.4,
2023,4,La Réunion,45-64 ans,Hommes,108.0,93.3,
2023,4,La Réunion,45-64 ans,Hommes et Femmes,215.0,89.2,
2023,4,La Réunion,65 ans et plus,Femmes,27.0,38.0,
2023,4,La Réunion,65 ans et plus,Hommes,37.0,64.4,
2023,4,La Réunion,65 ans et plus,Hommes et Femmes,64.0,49.8,
2023,4,La Réunion,Tous,Femmes,682.0,146.4,134.2
2023,4,La Réunion,Tous,Hommes,412.0,97.2,99.6
2023,4,La Réunion,Tous,Hommes et Femmes,1094.0,123.0,117.5
2023,2,Martinique,00-10 ans,Femmes,1.25,6.6,
2023,2,Martinique,00-10 ans,Hommes,0.0,0.0,
2023,2,Martinique,00-10 ans,Hommes et Femmes,1.25,3.2,
2023,2,Martinique,11-17 ans,Femmes,34.75,245.0,
2023,2,Martinique,11-17 ans,Hommes,2.5,16.6,
2023,2,Martinique,11-17 ans,Hommes et Femmes,37.25,127.2,
2023,2,Martinique,18-24 ans,Femmes,11.0,91.3,
2023,2,Martinique,18-24 ans,Hommes,2.5,21.0,
2023,2,Martinique,18-24 ans,Hommes et Femmes,13.5,56.4,
2023,2,Martinique,25-44 ans,Femmes,16.0,40.0,
2023,2,Martinique,25-44 ans,Hommes,16.0,53.2,
2023,2,Martinique,25-44 ans,Hommes et Femmes,32.0,45.6,
2023,2,Martinique,45-64 ans,Femmes,12.0,19.6,
2023,2,Martinique,45-64 ans,Hommes,14.0,27.6,
2023,2,Martinique,45-64 ans,Hommes et Femmes,26.0,23.2,
2023,2,Martinique,65 ans et plus,Femmes,7.0,14.3,
2023,2,Martinique,65 ans et plus,Hommes,9.0,24.0,
2023,2,Martinique,65 ans et plus,Hommes et Femmes,16.0,18.5,
2023,2,Martinique,Tous,Femmes,83.0,42.4,46.5
2023,2,Martinique,Tous,Hommes,46.0,27.9,29.5
2023,2,Martinique,Tous,Hommes et Femmes,129.0,35.8,38.2
2023,6,Mayotte,00-10 ans,Femmes,0.0,0.0,
2023,6,Mayotte,00-10 ans,Hommes,0.0,0.0,
2023,6,Mayotte,00-10 ans,Hommes et Femmes,0.0,0.0,
2023,6,Mayotte,11-17 ans,Femmes,5.0,18.0,
2023,6,Mayotte,11-17 ans,Hommes,2.5,9.4,
2023,6,Mayotte,11-17 ans,Hommes et Femmes,7.5,13.8,
2023,6,Mayotte,18-24 ans,Femmes,2.5,15.0,
2023,6,Mayotte,18-24 ans,Hommes,2.5,19.0,
2023,6,Mayotte,18-24 ans,Hommes et Femmes,5.0,16.8,
2023,6,Mayotte,25-44 ans,Femmes,6.0,13.2,
2023,6,Mayotte,25-44 ans,Hommes,2.5,7.3,
2023,6,Mayotte,25-44 ans,Hommes et Femmes,8.5,10.6,
2023,6,Mayotte,45-64 ans,Femmes,2.5,14.7,
2023,6,Mayotte,45-64 ans,Hommes,2.5,13.5,
2023,6,Mayotte,45-64 ans,Hommes et Femmes,5.0,14.1,
2023,6,Mayotte,65 ans et plus,Femmes,0.0,0.0,
2023,6,Mayotte,65 ans et plus,Hommes,0.0,0.0,
2023,6,Mayotte,65 ans et plus,Hommes et Femmes,0.0,0.0,
2023,6,Mayotte,Tous,Femmes,17.0,10.5,10.5
2023,6,Mayotte,Tous,Hommes,9.0,6.1,7.3
2023,6,Mayotte,Tous,Hommes et Femmes,26.0,8.4,9.0
2023,28,Normandie,00-10 ans,Femmes,15.0,7.7,
2023,28,Normandie,00-10 ans,Hommes,11.0,5.4,
2023,28,Normandie,00-10 ans,Hommes et Femmes,26.0,6.5,
2023,28,Normandie,11-17 ans,Femmes,930.0,653.7,
2023,28,Normandie,11-17 ans,Hommes,162.0,107.4,
2023,28,Normandie,11-17 ans,Hommes et Femmes,1092.0,372.5,
2023,28,Normandie,18-24 ans,Femmes,518.0,410.3,
2023,28,Normandie,18-24 ans,Hommes,238.0,174.9,
2023,28,Normandie,18-24 ans,Hommes et Femmes,756.0,288.2,
2023,28,Normandie,25-44 ans,Femmes,760.0,197.5,
2023,28,Normandie,25-44 ans,Hommes,734.0,194.1,
2023,28,Normandie,25-44 ans,Hommes et Femmes,1494.0,195.8,
2023,28,Normandie,45-64 ans,Femmes,763.0,174.1,
2023,28,Normandie,45-64 ans,Hommes,585.0,139.4,
2023,28,Normandie,45-64 ans,Hommes et Femmes,1348.0,157.2,
2023,28,Normandie,65 ans et plus,Femmes,379.0,86.3,
2023,28,Normandie,65 ans et plus,Hommes,220.0,66.4,
2023,28,Normandie,65 ans et plus,Hommes et Femmes,599.0,77.8,
2023,28,Normandie,Tous,Femmes,3365.0,194.9,198.0
2023,28,Normandie,Tous,Hommes,1950.0,120.4,121.9
2023,28,Normandie,Tous,Hommes et Femmes,5315.0,158.9,161.1
2023,75,Nouvelle Aquitaine,00-10 ans,Femmes,14.0,4.4,
2023,75,Nouvelle Aquitaine,00-10 ans,Hommes,15.0,4.5,
2023,75,Nouvelle Aquitaine,00-10 ans,Hommes et Femmes,29.0,4.4,
2023,75,Nouvelle Aquitaine,11-17 ans,Femmes,1168.0,485.5,
2023,75,Nouvelle Aquitaine,11-17 ans,Hommes,191.0,75.1,
2023,75,Nouvelle Aquitaine,11-17 ans,Hommes et Femmes,1359.0,274.6,
2023,75,Nouvelle Aquitaine,18-24 ans,Femmes,855.0,393.2,
2023,75,Nouvelle Aquitaine,18-24 ans,Hommes,360.5,153.0,
2023,75,Nouvelle Aquitaine,18-24 ans,Hommes et Femmes,1215.5,268.3,
2023,75,Nouvelle Aquitaine,25-44 ans,Femmes,1071.0,154.0,
2023,75,Nouvelle Aquitaine,25-44 ans,Hommes,934.0,138.1,
2023,75,Nouvelle Aquitaine,25-44 ans,Hommes et Femmes,2005.0,146.1,
2023,75,Nouvelle Aquitaine,45-64 ans,Femmes,1173.0,140.8,
2023,75,Nouvelle Aquitaine,45-64 ans,Hommes,794.0,100.4,
2023,75,Nouvelle Aquitaine,45-64 ans,Hommes et Femmes,1967.0,121.1,
2023,75,Nouvelle Aquitaine,65 ans et plus,Femmes,617.0,70.6,
2023,75,Nouvelle Aquitaine,65 ans et plus,Hommes,310.5,45.8,
2023,75,Nouvelle Aquitaine,65 ans et plus,Hommes et Femmes,927.5,59.8,
2023,75,Nouvelle Aquitaine,Tous,Femmes,4898.0,154.0,159.9
2023,75,Nouvelle Aquitaine,Tous,Hommes,2605.5,87.7,89.2
2023,75,Nouvelle Aquitaine,Tous,Hommes et Femmes,7503.5,122.0,125.6
2023,76,Occitanie,00-10 ans,Femmes,22.0,6.6,
2023,76,Occitanie,00-10 ans,Hommes,24.0,6.9,
2023,76,Occitanie,00-10 ans,Hommes et Femmes,46.0,6.7,
2023,76,Occitanie,11-17 ans,Femmes,812.0,328.6,
2023,76,Occitanie,11-17 ans,Hommes,135.0,51.7,
2023,76,Occitanie,11-17 ans,Hommes et Femmes,947.0,186.3,
2023,76,Occitanie,18-24 ans,Femmes,597.0,254.8,
2023,76,Occitanie,18-24 ans,Hommes,278.5,112.3,
2023,76,Occitanie,18-24 ans,Hommes et Femmes,875.5,181.5,
2023,76,Occitanie,25-44 ans,Femmes,810.0,112.8,
2023,76,Occitanie,25-44 ans,Hommes,714.0,102.7,
2023,76,Occitanie,25-44 ans,Hommes et Femmes,1524.0,107.8,
2023,76,Occitanie,45-64 ans,Femmes,1044.0,128.3,
2023,76,Occitanie,45-64 ans,Hommes,706.0,91.6,
2023,76,Occitanie,45-64 ans,Hommes et Femmes,1750.0,110.4,
2023,76,Occitanie,65 ans et plus,Femmes,521.5,64.1,
2023,76,Occitanie,65 ans et plus,Hommes,302.5,47.4,
2023,76,Occitanie,65 ans et plus,Hommes et Femmes,826.0,56.9,
2023,76,Occitanie,Tous,Femmes,3806.5,120.4,122.0
2023,76,Occitanie,Tous,Hommes,2162.0,72.9,73.2
2023,76,Occitanie,Tous,Hommes et Femmes,5968.5,97.5,98.3
2023,93,PACA,00-10 ans,Femmes,6.0,2.1,
2023,93,PACA,00-10 ans,Hommes,9.25,3.0,
2023,93,PACA,00-10 ans,Hommes et Femmes,15.25,2.6,
2023,93,PACA,11-17 ans,Femmes,862.0,424.7,
2023,93,PACA,11-17 ans,Hommes,131.25,60.8,
2023,93,PACA,11-17 ans,Hommes et Femmes,993.25,237.1,
2023,93,PACA,18-24 ans,Femmes,478.0,254.4,
2023,93,PACA,18-24 ans,Hommes,216.0,108.5,
2023,93,PACA,18-24 ans,Hommes et Femmes,694.0,179.4,
2023,93,PACA,25-44 ans,Femmes,725.0,117.0,
2023,93,PACA,25-44 ans,Hommes,597.0,101.9,
2023,93,PACA,25-44 ans,Hommes et Femmes,1322.0,109.7,
2023,93,PACA,45-64 ans,Femmes,874.0,124.4,
2023,93,PACA,45-64 ans,Hommes,563.0,86.6,
2023,93,PACA,45-64 ans,Hommes et Femmes,1437.0,106.3,
2023,93,PACA,65 ans et plus,Femmes,532.0,74.2,
2023,93,PACA,65 ans et plus,Hommes,272.0,49.9,
2023,93,PACA,65 ans et plus,Hommes et Femmes,804.0,63.7,
2023,93,PACA,Tous,Femmes,3477.0,127.9,131.8
2023,93,PACA,Tous,Hommes,1784.5,71.4,72.1
2023,93,PACA,Tous,Hommes et Femmes,5261.5,100.8,102.8
2023,52,Pays de la Loire,00-10 ans,Femmes,5.0,2.2,
2023,52,Pays de la Loire,00-10 ans,Hommes,9.0,3.7,
2023,52,Pays de la Loire,00-10 ans,Hommes et Femmes,14.0,2.9,
2023,52,Pays de la Loire,11-17 ans,Femmes,911.0,523.8,
2023,52,Pays de la Loire,11-17 ans,Hommes,129.0,70.1,
2023,52,Pays de la Loire,11-17 ans,Hommes et Femmes,1040.0,290.7,
2023,52,Pays de la Loire,18-24 ans,Femmes,416.0,274.7,
2023,52,Pays de la Loire,18-24 ans,Hommes,185.0,113.2,
2023,52,Pays de la Loire,18-24 ans,Hommes et Femmes,601.0,190.9,
2023,52,Pays de la Loire,25-44 ans,Femmes,508.0,110.7,
2023,52,Pays de la Loire,25-44 ans,Hommes,495.0,108.5,
2023,52,Pays de la Loire,25-44 ans,Hommes et Femmes,1003.0,109.6,
2023,52,Pays de la Loire,45-64 ans,Femmes,503.0,101.0,
2023,52,Pays de la Loire,45-64 ans,Hommes,447.0,91.7,
2023,52,Pays de la Loire,45-64 ans,Hommes et Femmes,950.0,96.4,
2023,52,Pays de la Loire,65 ans et plus,Femmes,266.0,54.9,
2023,52,Pays de la Loire,65 ans et plus,Hommes,192.0,51.4,
2023,52,Pays de la Loire,65 ans et plus,Hommes et Femmes,458.0,53.4,
2023,52,Pays de la Loire,Tous,Femmes,2609.0,130.6,129.6
2023,52,Pays de la Loire,Tous,Hommes,1457.0,76.3,76.7
2023,52,Pays de la Loire,Tous,Hommes et Femmes,4066.0,104.1,104.0
2022,84,Auvergne-Rhône-Alpes,00-10 ans,Femmes,16.0,3.2,
2022,84,Auvergne-Rhône-Alpes,00-10 ans,Hommes,21.0,4.0,
2022,84,Auvergne-Rhône-Alpes,00-10 ans,Hommes et Femmes,37.0,3.6,
2022,84,Auvergne-Rhône-Alpes,11-17 ans,Femmes,1322.0,377.3,
2022,84,Auvergne-Rhône-Alpes,11-17 ans,Hommes,231.0,62.3,
2022,84,Auvergne-Rhône-Alpes,11-17 ans,Hommes et Femmes,1553.0,215.4,
2022,84,Auvergne-Rhône-Alpes,18-24 ans,Femmes,975.0,302.2,
2022,84,Auvergne-Rhône-Alpes,18-24 ans,Hommes,434.5,127.7,
2022,84,Auvergne-Rhône-Alpes,18-24 ans,Hommes et Femmes,1409.5,212.7,
2022,84,Auvergne-Rhône-Alpes,25-44 ans,Femmes,1164.0,115.3,
2022,84,Auvergne-Rhône-Alpes,25-44 ans,Hommes,1023.0,103.6,
2022,84,Auvergne-Rhône-Alpes,25-44 ans,Hommes et Femmes,2187.0,109.5,
2022,84,Auvergne-Rhône-Alpes,45-64 ans,Femmes,1256.0,119.7,
2022,84,Auvergne-Rhône-Alpes,45-64 ans,Hommes,959.0,93.7,
2022,84,Auvergne-Rhône-Alpes,45-64 ans,Hommes et Femmes,2215.0,106.9,
2022,84,Auvergne-Rhône-Alpes,65 ans et plus,Femmes,590.0,62.0,
2022,84,Auvergne-Rhône-Alpes,65 ans et plus,Hommes,405.0,55.4,
2022,84,Auvergne-Rhône-Alpes,65 ans et plus,Hommes et Femmes,995.0,59.2,
2022,84,Auvergne-Rhône-Alpes,Tous,Femmes,5323.0,127.2,127.2
2022,84,Auvergne-Rhône-Alpes,Tous,Hommes,3073.5,77.3,77.4
2022,84,Auvergne-Rhône-Alpes,Tous,Hommes et Femmes,8396.5,102.8,103.1
2022,27,Bourgogne-Franche-Comté,00-10 ans,Femmes,10.0,6.3,
2022,27,Bourgogne-Franche-Comté,00-10 ans,Hommes,9.25,5.6,
2022,27,Bourgogne-Franche-Comté,00-10 ans,Hommes et Femmes,19.25,5.9,
2022,27,Bourgogne-Franche-Comté,11-17 ans,Femmes,673.0,585.5,
2022,27,Bourgogne-Franche-Comté,11-17 ans,Hommes,117.25,95.2,
2022,27,Bourgogne-Franche-Comté,11-17 ans,Hommes et Femmes,790.25,331.9,
2022,27,Bourgogne-Franche-Comté,18-24 ans,Femmes,360.0,362.9,
2022,27,Bourgogne-Franche-Comté,18-24 ans,Hommes,164.0,146.7,
2022,27,Bourgogne-Franche-Comté,18-24 ans,Hommes et Femmes,524.0,248.4,
2022,27,Bourgogne-Franche-Comté,25-44 ans,Femmes,487.0,156.8,
2022,27,Bourgogne-Franche-Comté,25-44 ans,Hommes,464.0,149.6,
2022,27,Bourgogne-Franche-Comté,25-44 ans,Hommes et Femmes,951.0,153.2,
2022,27,Bourgogne-Franche-Comté,45-64 ans,Femmes,581.0,155.2,
2022,27,Bourgogne-Franche-Comté,45-64 ans,Hommes,431.0,118.5,
2022,27,Bourgogne-Franche-Comté,45-64 ans,Hommes et Femmes,1012.0,137.1,
2022,27,Bourgogne-Franche-Comté,65 ans et plus,Femmes,259.0,68.5,
2022,27,Bourgogne-Franche-Comté,65 ans et plus,Hommes,149.0,50.6,
2022,27,Bourgogne-Franche-Comté,65 ans et plus,Hommes et Femmes,408.0,60.7,
2022,27,Bourgogne-Franche-Comté,Tous,Femmes,2370.0,165.1,169.9
2022,27,Bourgogne-Franche-Comté,Tous,Hommes,1330.5,97.2,98.8
2022,27,Bourgogne-Franche-Comté,Tous,Hommes et Femmes,3700.5,132.0,135.5
2022,53,Bretagne,00-10 ans,Femmes,1.25,0.6,
2022,53,Bretagne,00-10 ans,Hommes,1.25,0.6,
2022,53,Bretagne,00-10 ans,Hommes et Femmes,2.5,0.6,
2022,53,Bretagne,11-17 ans,Femmes,747.75,516.3,
2022,53,Bretagne,11-17 ans,Hommes,112.75,73.5,
2022,53,Bretagne,11-17 ans,Hommes et Femmes,863.0,289.5,
2022,53,Bretagne,18-24 ans,Femmes,544.0,427.7,
2022,53,Bretagne,18-24 ans,Hommes,231.0,166.8,
2022,53,Bretagne,18-24 ans,Hommes et Femmes,775.0,291.7,
2022,53,Bretagne,25-44 ans,Femmes,697.0,182.6,
2022,53,Bretagne,25-44 ans,Hommes,723.0,189.0,
2022,53,Bretagne,25-44 ans,Hommes et Femmes,1420.0,185.8,
2022,53,Bretagne,45-64 ans,Femmes,878.0,193.3,
2022,53,Bretagne,45-64 ans,Hommes,659.0,148.3,
2022,53,Bretagne,45-64 ans,Hommes et Femmes,1537.0,171.0,
2022,53,Bretagne,65 ans et plus,Femmes,410.0,90.0,
2022,53,Bretagne,65 ans et plus,Hommes,212.0,61.7,
2022,53,Bretagne,65 ans et plus,Hommes et Femmes,622.0,77.8,
2022,53,Bretagne,Tous,Femmes,3279.0,186.6,189.4
2022,53,Bretagne,Tous,Hommes,1942.0,116.6,117.7
2022,53,Bretagne,Tous,Hommes et Femmes,5221.0,152.5,154.6
2022,24,Centre-Val de Loire,00-10 ans,Femmes,1.25,0.8,
2022,24,Centre-Val de Loire,00-10 ans,Hommes,1.25,0.8,
2022,24,Centre-Val de Loire,00-10 ans,Hommes et Femmes,2.5,0.8,
2022,24,Centre-Val de Loire,11-17 ans,Femmes,427.75,389.5,
2022,24,Centre-Val de Loire,11-17 ans,Hommes,73.75,62.8,
2022,24,Centre-Val de Loire,11-17 ans,Hommes et Femmes,501.5,220.6,
2022,24,Centre-Val de Loire,18-24 ans,Femmes,259.0,282.0,
2022,24,Centre-Val de Loire,18-24 ans,Hommes,147.0,148.3,
2022,24,Centre-Val de Loire,18-24 ans,Hommes et Femmes,406.0,212.6,
2022,24,Centre-Val de Loire,25-44 ans,Femmes,323.0,111.1,
2022,24,Centre-Val de Loire,25-44 ans,Hommes,319.0,113.0,
2022,24,Centre-Val de Loire,25-44 ans,Hommes et Femmes,642.0,112.0,
2022,24,Centre-Val de Loire,45-64 ans,Femmes,453.0,131.7,
2022,24,Centre-Val de Loire,45-64 ans,Hommes,295.0,89.2,
2022,24,Centre-Val de Loire,45-64 ans,Hommes et Femmes,748.0,110.9,
2022,24,Centre-Val de Loire,65 ans et plus,Femmes,239.0,70.2,
2022,24,Centre-Val de Loire,65 ans et plus,Hommes,159.0,60.2,
2022,24,Centre-Val de Loire,65 ans et plus,Hommes et Femmes,398.0,65.8,
2022,24,Centre-Val de Loire,Tous,Femmes,1707.0,128.5,130.7
2022,24,Centre-Val de Loire,Tous,Hommes,995.5,79.4,81.0
2022,24,Centre-Val de Loire,Tous,Hommes et Femmes,2702.5,104.7,106.6
2022,94,Corse,00-10 ans,Femmes,0.0,0.0,
2022,94,Corse,00-10 ans,Hommes,0.0,0.0,
2022,94,Corse,00-10 ans,Hommes et Femmes,0.0,0.0,
2022,94,Corse,11-17 ans,Femmes,31.0,249.1,
2022,94,Corse,11-17 ans,Hommes,2.5,18.5,
2022,94,Corse,11-17 ans,Hommes et Femmes,33.5,129.2,
2022,94,Corse,18-24 ans,Femmes,7.5,68.1,
2022,94,Corse,18-24 ans,Hommes,5.0,43.1,
2022,94,Corse,18-24 ans,Hommes et Femmes,13.5,59.7,
2022,94,Corse,25-44 ans,Femmes,22.0,50.8,
2022,94,Corse,25-44 ans,Hommes,14.0,34.5,
2022,94,Corse,25-44 ans,Hommes et Femmes,36.0,42.9,
2022,94,Corse,45-64 ans,Femmes,29.0,59.9,
2022,94,Corse,45-64 ans,Hommes,27.0,58.0,
2022,94,Corse,45-64 ans,Hommes et Femmes,56.0,59.0,
2022,94,Corse,65 ans et plus,Femmes,20.0,42.4,
2022,94,Corse,65 ans et plus,Hommes,8.5,21.8,
2022,94,Corse,65 ans et plus,Hommes et Femmes,28.5,33.1,
2022,94,Corse,Tous,Femmes,109.5,60.5,63.4
2022,94,Corse,Tous,Hommes,57.5,33.8,33.4
2022,94,Corse,Tous,Hommes et Femmes,168.0,47.8,48.8
2022,44,Grand Est,00-10 ans,Femmes,14.0,4.4,
2022,44,Grand Est,00-10 ans,Hommes,21.0,6.3,
2022,44,Grand Est,00-10 ans,Hommes et Femmes,35.0,5.4,
2022,44,Grand Est,11-17 ans,Femmes,1026.0,447.2,
2022,44,Grand Est,11-17 ans,Hommes,191.0,78.8,
2022,44,Grand Est,11-17 ans,Hommes et Femmes,1217.0,257.9,
2022,44,Grand Est,18-24 ans,Femmes,633.0,292.3,
2022,44,Grand Est,18-24 ans,Hommes,328.0,140.2,
2022,44,Grand Est,18-24 ans,Hommes et Femmes,961.0,213.3,
2022,44,Grand Est,25-44 ans,Femmes,791.0,118.4,
2022,44,Grand Est,25-44 ans,Hommes,850.0,128.1,
2022,44,Grand Est,25-44 ans,Hommes et Femmes,1641.0,123.2,
2022,44,Grand Est,45-64 ans,Femmes,925.0,124.0,
2022,44,Grand Est,45-64 ans,Hommes,741.0,102.3,
2022,44,Grand Est,45-64 ans,Hommes et Femmes,1666.0,113.3,
2022,44,Grand Est,65 ans et plus,Femmes,442.0,66.2,
2022,44,Grand Est,65 ans et plus,Hommes,261.0,50.7,
2022,44,Grand Est,65 ans et plus,Hommes et Femmes,703.0,59.4,
2022,44,Grand Est,Tous,Femmes,3831.0,134.6,135.2
2022,44,Grand Est,Tous,Hommes,2392.0,88.1,87.6
2022,44,Grand Est,Tous,Hommes et Femmes,6223.0,111.9,112.1
2022,1,Guadeloupe,00-10 ans,Femmes,1.25,5.7,
2022,1,Guadeloupe,00-10 ans,Hommes,1.25,5.5,
2022,1,Guadeloupe,00-10 ans,Hommes et Femmes,2.5,5.6,
2022,1,Guadeloupe,11-17 ans,Femmes,19.75,114.6,
2022,1,Guadeloupe,11-17 ans,Hommes,3.75,20.6,
2022,1,Guadeloupe,11-17 ans,Hommes et Femmes,26.0,73.4,
2022,1,Guadeloupe,18-24 ans,Femmes,7.0,50.1,
2022,1,Guadeloupe,18-24 ans,Hommes,8.0,55.1,
2022,1,Guadeloupe,18-24 ans,Hommes et Femmes,15.0,52.6,
2022,1,Guadeloupe,25-44 ans,Femmes,11.0,25.4,
2022,1,Guadeloupe,25-44 ans,Hommes,14.0,44.8,
2022,1,Guadeloupe,25-44 ans,Hommes et Femmes,25.0,33.5,
2022,1,Guadeloupe,45-64 ans,Femmes,7.0,10.8,
2022,1,Guadeloupe,45-64 ans,Hommes,12.0,22.8,
2022,1,Guadeloupe,45-64 ans,Hommes et Femmes,19.0,16.2,
2022,1,Guadeloupe,65 ans et plus,Femmes,2.5,5.3,
2022,1,Guadeloupe,65 ans et plus,Hommes,5.0,13.9,
2022,1,Guadeloupe,65 ans et plus,Hommes et Femmes,7.5,9.0,
2022,1,Guadeloupe,Tous,Femmes,50.5,24.3,25.8
2022,1,Guadeloupe,Tous,Hommes,45.0,25.7,27.3
2022,1,Guadeloupe,Tous,Hommes et Femmes,95.5,24.9,26.5
2022,3,Guyane,00-10 ans,Femmes,1.25,3.8,
2022,3,Guyane,00-10 ans,Hommes,1.25,3.7,
2022,3,Guyane,00-10 ans,Hommes et Femmes,6.0,9.0,
2022,3,Guyane,11-17 ans,Femmes,35.75,174.3,
2022,3,Guyane,11-17 ans,Hommes,4.75,22.6,
2022,3,Guyane,11-17 ans,Hommes et Femmes,43.0,103.5,
2022,3,Guyane,18-24 ans,Femmes,30.0,192.2,
2022,3,Guyane,18-24 ans,Hommes,10.0,68.8,
2022,3,Guyane,18-24 ans,Hommes et Femmes,40.0,132.7,
2022,3,Guyane,25-44 ans,Femmes,32.0,77.4,
2022,3,Guyane,25-44 ans,Hommes,17.0,48.2,
2022,3,Guyane,25-44 ans,Hommes et Femmes,49.0,64.0,
2022,3,Guyane,45-64 ans,Femmes,10.0,36.2,
2022,3,Guyane,45-64 ans,Hommes,16.0,60.3,
2022,3,Guyane,45-64 ans,Hommes et Femmes,26.0,48.0,
2022,3,Guyane,65 ans et plus,Femmes,2.5,24.8,
2022,3,Guyane,65 ans et plus,Hommes,6.0,65.1,
2022,3,Guyane,65 ans et plus,Hommes et Femmes,8.5,44.0,
2022,3,Guyane,Tous,Femmes,113.5,76.6,65.1
2022,3,Guyane,Tous,Hommes,59.0,42.1,49.8
2022,3,Guyane,Tous,Hommes et Femmes,172.5,59.8,57.7
2022,32,Hauts de France,00-10 ans,Femmes,10.0,2.6,
2022,32,Hauts de France,00-10 ans,Hommes,22.0,5.4,
2022,32,Hauts de France,00-10 ans,Hommes et Femmes,32.0,4.1,
2022,32,Hauts de France,11-17 ans,Femmes,1637.0,596.3,
2022,32,Hauts de France,11-17 ans,Hommes,334.0,115.7,
2022,32,Hauts de France,11-17 ans,Hommes et Femmes,1971.0,350.0,
2022,32,Hauts de France,18-24 ans,Femmes,1187.0,462.3,
2022,32,Hauts de France,18-24 ans,Hommes,563.0,210.6,
2022,32,Hauts de France,18-24 ans,Hommes et Femmes,1750.0,333.9,
2022,32,Hauts de France,25-44 ans,Femmes,1538.0,208.5,
2022,32,Hauts de France,25-44 ans,Hommes,1612.0,223.2,
2022,32,Hauts de France,25-44 ans,Hommes et Femmes,3150.0,215.8,
2022,32,Hauts de France,45-64 ans,Femmes,1723.0,223.9,
2022,32,Hauts de France,45-64 ans,Hommes,1422.0,191.3,
2022,32,Hauts de France,45-64 ans,Hommes et Femmes,3145.0,207.9,
2022,32,Hauts de France,65 ans et plus,Femmes,692.0,104.1,
2022,32,Hauts de France,65 ans et plus,Hommes,415.0,85.7,
2022,32,Hauts de France,65 ans et plus,Hommes et Femmes,1107.0,96.3,
2022,32,Hauts de France,Tous,Femmes,6787.0,219.7,216.1
2022,32,Hauts de France,Tous,Hommes,4368.0,150.1,149.9
2022,32,Hauts de France,Tous,Hommes et Femmes,11155.0,186.0,184.0
2022,11,Ile-de-France,00-10 ans,Femmes,32.0,3.9,
2022,11,Ile-de-France,00-10 ans,Hommes,34.75,4.1,
2022,11,Ile-de-France,00-10 ans,Hommes et Femmes,66.75,4.0,
2022,11,Ile-de-France,11-17 ans,Femmes,1719.0,316.0,
2022,11,Ile-de-France,11-17 ans,Hommes,243.0,42.8,
2022,11,Ile-de-France,11-17 ans,Hommes et Femmes,1962.0,176.4,
2022,11,Ile-de-France,18-24 ans,Femmes,991.0,172.4,
2022,11,Ile-de-France,18-24 ans,Hommes,384.0,67.8,
2022,11,Ile-de-France,18-24 ans,Hommes et Femmes,1375.0,120.5,
2022,11,Ile-de-France,25-44 ans,Femmes,1096.0,61.3,
2022,11,Ile-de-France,25-44 ans,Hommes,828.0,49.1,
2022,11,Ile-de-France,25-44 ans,Hommes et Femmes,1924.0,55.4,
2022,11,Ile-de-France,45-64 ans,Femmes,934.0,60.2,
2022,11,Ile-de-France,45-64 ans,Hommes,731.0,49.4,
2022,11,Ile-de-France,45-64 ans,Hommes et Femmes,1665.0,54.9,
2022,11,Ile-de-France,65 ans et plus,Femmes,505.0,45.5,
2022,11,Ile-de-France,65 ans et plus,Hommes,356.0,42.8,
2022,11,Ile-de-France,65 ans et plus,Hommes et Femmes,861.0,44.3,
2022,11,Ile-de-France,Tous,Femmes,5277.0,82.6,80.4
2022,11,Ile-de-France,Tous,Hommes,2576.75,43.0,43.3
2022,11,Ile-de-France,Tous,Hommes et Femmes,7853.75,63.4,62.4
2022,4,La Réunion,00-10 ans,Femmes,1.25,1.9,
2022,4,La Réunion,00-10 ans,Hommes,1.25,1.8,
2022,4,La Réunion,00-10 ans,Hommes et Femmes,2.5,1.8,
2022,4,La Réunion,11-17 ans,Femmes,199.75,416.6,
2022,4,La Réunion,11-17 ans,Hommes,30.75,62.5,
2022,4,La Réunion,11-17 ans,Hommes et Femmes,233.0,239.9,
2022,4,La Réunion,18-24 ans,Femmes,87.0,232.8,
2022,4,La Réunion,18-24 ans,Hommes,52.0,138.4,
2022,4,La Réunion,18-24 ans,Hommes et Femmes,139.0,185.5,
2022,4,La Réunion,25-44 ans,Femmes,162.0,138.6,
2022,4,La Réunion,25-44 ans,Hommes,136.0,141.8,
2022,4,La Réunion,25-44 ans,Hommes et Femmes,298.0,140.1,
2022,4,La Réunion,45-64 ans,Femmes,102.0,82.3,
2022,4,La Réunion,45-64 ans,Hommes,89.0,77.7,
2022,4,La Réunion,45-64 ans,Hommes et Femmes,191.0,80.1,
2022,4,La Réunion,65 ans et plus,Femmes,21.0,30.7,
2022,4,La Réunion,65 ans et plus,Hommes,24.0,44.1,
2022,4,La Réunion,65 ans et plus,Hommes et Femmes,45.0,36.7,
2022,4,La Réunion,Tous,Femmes,574.0,124.4,114.0
2022,4,La Réunion,Tous,Hommes,335.0,79.8,81.5
2022,4,La Réunion,Tous,Hommes et Femmes,909.0,103.1,98.2
2022,2,Martinique,00-10 ans,Femmes,0.0,0.0,
2022,2,Martinique,00-10 ans,Hommes,5.0,25.8,
2022,2,Martinique,00-10 ans,Hommes et Femmes,5.0,13.0,
2022,2,Martinique,11-17 ans,Femmes,32.0,216.6,
2022,2,Martinique,11-17 ans,Hommes,8.0,51.0,
2022,2,Martinique,11-17 ans,Hommes et Femmes,40.0,131.4,
2022,2,Martinique,18-24 ans,Femmes,8.0,66.5,
2022,2,Martinique,18-24 ans,Hommes,5.0,41.0,
2022,2,Martinique,18-24 ans,Hommes et Femmes,13.0,53.7,
2022,2,Martinique,25-44 ans,Femmes,26.0,64.8,
2022,2,Martinique,25-44 ans,Hommes,15.0,50.4,
2022,2,Martinique,25-44 ans,Hommes et Femmes,41.0,58.6,
2022,2,Martinique,45-64 ans,Femmes,12.0,19.2,
2022,2,Martinique,45-64 ans,Hommes,22.0,42.8,
2022,2,Martinique,45-64 ans,Hommes et Femmes,34.0,29.9,
2022,2,Martinique,65 ans et plus,Femmes,7.0,14.7,
2022,2,Martinique,65 ans et plus,Hommes,14.0,38.7,
2022,2,Martinique,65 ans et plus,Hommes et Femmes,21.0,25.0,
2022,2,Martinique,Tous,Femmes,85.0,43.3,46.8
2022,2,Martinique,Tous,Hommes,69.0,41.9,42.3
2022,2,Martinique,Tous,Hommes et Femmes,154.0,42.7,44.6
2022,6,Mayotte,00-10 ans,Femmes,2.5,5.0,
2022,6,Mayotte,00-10 ans,Hommes,0.0,0.0,
2022,6,Mayotte,00-10 ans,Hommes et Femmes,2.5,2.5,
2022,6,Mayotte,11-17 ans,Femmes,2.5,9.3,
2022,6,Mayotte,11-17 ans,Hommes,2.5,9.8,
2022,6,Mayotte,11-17 ans,Hommes et Femmes,5.0,9.5,
2022,6,Mayotte,18-24 ans,Femmes,2.5,15.6,
2022,6,Mayotte,18-24 ans,Hommes,2.5,19.7,
2022,6,Mayotte,18-24 ans,Hommes et Femmes,5.0,17.4,
2022,6,Mayotte,25-44 ans,Femmes,12.0,27.4,
2022,6,Mayotte,25-44 ans,Hommes,0.0,0.0,
2022,6,Mayotte,25-44 ans,Hommes et Femmes,12.0,15.6,
2022,6,Mayotte,45-64 ans,Femmes,2.5,15.3,
2022,6,Mayotte,45-64 ans,Hommes,2.5,14.0,
2022,6,Mayotte,45-64 ans,Hommes et Femmes,6.0,17.6,
2022,6,Mayotte,65 ans et plus,Femmes,0.0,0.0,
2022,6,Mayotte,65 ans et plus,Hommes,0.0,0.0,
2022,6,Mayotte,65 ans et plus,Hommes et Femmes,0.0,0.0,
2022,6,Mayotte,Tous,Femmes,21.0,13.4,14.5
2022,6,Mayotte,Tous,Hommes,5.0,3.5,4.6
2022,6,Mayotte,Tous,Hommes et Femmes,26.0,8.7,9.7
2022,28,Normandie,00-10 ans,Femmes,1.25,0.6,
2022,28,Normandie,00-10 ans,Hommes,14.0,6.8,
2022,28,Normandie,00-10 ans,Hommes et Femmes,15.25,3.8,
2022,28,Normandie,11-17 ans,Femmes,879.75,620.0,
2022,28,Normandie,11-17 ans,Hommes,149.0,98.1,
2022,28,Normandie,11-17 ans,Hommes et Femmes,1028.75,350.2,
2022,28,Normandie,18-24 ans,Femmes,566.0,445.6,
2022,28,Normandie,18-24 ans,Hommes,262.0,192.2,
2022,28,Normandie,18-24 ans,Hommes et Femmes,828.0,314.4,
2022,28,Normandie,25-44 ans,Femmes,675.0,176.4,
2022,28,Normandie,25-44 ans,Hommes,648.0,172.3,
2022,28,Normandie,25-44 ans,Hommes et Femmes,1323.0,174.3,
2022,28,Normandie,45-64 ans,Femmes,778.0,176.5,
2022,28,Normandie,45-64 ans,Hommes,563.0,133.5,
2022,28,Normandie,45-64 ans,Hommes et Femmes,1341.0,155.5,
2022,28,Normandie,65 ans et plus,Femmes,380.0,88.0,
2022,28,Normandie,65 ans et plus,Hommes,231.0,71.3,
2022,28,Normandie,65 ans et plus,Hommes et Femmes,611.0,80.8,
2022,28,Normandie,Tous,Femmes,3284.0,190.6,193.3
2022,28,Normandie,Tous,Hommes,1867.0,115.5,116.7
2022,28,Normandie,Tous,Hommes et Femmes,5151.0,154.3,156.2
2022,75,Nouvelle Aquitaine,00-10 ans,Femmes,9.0,2.8,
2022,75,Nouvelle Aquitaine,00-10 ans,Hommes,12.25,3.6,
2022,75,Nouvelle Aquitaine,00-10 ans,Hommes et Femmes,21.25,3.2,
2022,75,Nouvelle Aquitaine,11-17 ans,Femmes,1165.0,484.2,
2022,75,Nouvelle Aquitaine,11-17 ans,Hommes,184.25,72.4,
2022,75,Nouvelle Aquitaine,11-17 ans,Hommes et Femmes,1349.25,272.5,
2022,75,Nouvelle Aquitaine,18-24 ans,Femmes,740.0,338.7,
2022,75,Nouvelle Aquitaine,18-24 ans,Hommes,356.5,151.7,
2022,75,Nouvelle Aquitaine,18-24 ans,Hommes et Femmes,1096.5,241.8,
2022,75,Nouvelle Aquitaine,25-44 ans,Femmes,956.0,138.5,
2022,75,Nouvelle Aquitaine,25-44 ans,Hommes,980.0,146.2,
2022,75,Nouvelle Aquitaine,25-44 ans,Hommes et Femmes,1936.0,142.3,
2022,75,Nouvelle Aquitaine,45-64 ans,Femmes,1229.0,147.2,
2022,75,Nouvelle Aquitaine,45-64 ans,Hommes,811.0,102.6,
2022,75,Nouvelle Aquitaine,45-64 ans,Hommes et Femmes,2040.0,125.5,
2022,75,Nouvelle Aquitaine,65 ans et plus,Femmes,645.0,75.2,
2022,75,Nouvelle Aquitaine,65 ans et plus,Hommes,330.0,49.9,
2022,75,Nouvelle Aquitaine,65 ans et plus,Hommes et Femmes,975.0,64.2,
2022,75,Nouvelle Aquitaine,Tous,Femmes,4744.0,149.9,154.4
2022,75,Nouvelle Aquitaine,Tous,Hommes,2672.0,90.6,91.9
2022,75,Nouvelle Aquitaine,Tous,Hommes et Femmes,7416.0,121.3,124.1
2022,76,Occitanie,00-10 ans,Femmes,20.0,5.9,
2022,76,Occitanie,00-10 ans,Hommes,33.0,9.3,
2022,76,Occitanie,00-10 ans,Hommes et Femmes,53.0,7.7,
2022,76,Occitanie,11-17 ans,Femmes,902.0,367.3,
2022,76,Occitanie,11-17 ans,Hommes,147.0,56.5,
2022,76,Occitanie,11-17 ans,Hommes et Femmes,1049.0,207.5,
2022,76,Occitanie,18-24 ans,Femmes,637.0,271.5,
2022,76,Occitanie,18-24 ans,Hommes,282.0,114.3,
2022,76,Occitanie,18-24 ans,Hommes et Femmes,919.0,190.9,
2022,76,Occitanie,25-44 ans,Femmes,836.0,117.6,
2022,76,Occitanie,25-44 ans,Hommes,708.0,102.8,
2022,76,Occitanie,25-44 ans,Hommes et Femmes,1544.0,110.3,
2022,76,Occitanie,45-64 ans,Femmes,1009.0,124.4,
2022,76,Occitanie,45-64 ans,Hommes,638.0,83.1,
2022,76,Occitanie,45-64 ans,Hommes et Femmes,1647.0,104.3,
2022,76,Occitanie,65 ans et plus,Femmes,524.5,65.7,
2022,76,Occitanie,65 ans et plus,Hommes,313.5,50.2,
2022,76,Occitanie,65 ans et plus,Hommes et Femmes,841.0,59.1,
2022,76,Occitanie,Tous,Femmes,3928.5,125.1,127.0
2022,76,Occitanie,Tous,Hommes,2121.5,72.1,72.5
2022,76,Occitanie,Tous,Hommes et Femmes,6052.0,99.5,100.6
2022,93,PACA,00-10 ans,Femmes,1.25,0.4,
2022,93,PACA,00-10 ans,Hommes,14.25,4.6,
2022,93,PACA,00-10 ans,Hommes et Femmes,15.5,2.6,
2022,93,PACA,11-17 ans,Femmes,941.75,467.0,
2022,93,PACA,11-17 ans,Hommes,141.25,65.8,
2022,93,PACA,11-17 ans,Hommes et Femmes,1083.0,260.2,
2022,93,PACA,18-24 ans,Femmes,459.0,244.9,
2022,93,PACA,18-24 ans,Hommes,183.0,92.8,
2022,93,PACA,18-24 ans,Hommes et Femmes,642.0,167.0,
2022,93,PACA,25-44 ans,Femmes,628.0,102.7,
2022,93,PACA,25-44 ans,Hommes,597.0,103.3,
2022,93,PACA,25-44 ans,Hommes et Femmes,1225.0,103.0,
2022,93,PACA,45-64 ans,Femmes,821.0,117.2,
2022,93,PACA,45-64 ans,Hommes,563.0,86.9,
2022,93,PACA,45-64 ans,Hommes et Femmes,1384.0,102.7,
2022,93,PACA,65 ans et plus,Femmes,560.0,79.6,
2022,93,PACA,65 ans et plus,Hommes,302.0,56.9,
2022,93,PACA,65 ans et plus,Hommes et Femmes,862.0,69.8,
2022,93,PACA,Tous,Femmes,3414.0,126.7,130.5
2022,93,PACA,Tous,Hommes,1797.5,72.6,73.1
2022,93,PACA,Tous,Hommes et Femmes,5211.5,100.8,102.7
2022,52,Pays de la Loire,00-10 ans,Femmes,8.0,3.4,
2022,52,Pays de la Loire,00-10 ans,Hommes,11.0,4.5,
2022,52,Pays de la Loire,00-10 ans,Hommes et Femmes,19.0,3.9,
2022,52,Pays de la Loire,11-17 ans,Femmes,882.0,508.3,
2022,52,Pays de la Loire,11-17 ans,Hommes,164.0,89.2,
2022,52,Pays de la Loire,11-17 ans,Hommes et Femmes,1046.0,292.8,
2022,52,Pays de la Loire,18-24 ans,Femmes,370.0,245.0,
2022,52,Pays de la Loire,18-24 ans,Hommes,188.0,115.6,
2022,52,Pays de la Loire,18-24 ans,Hommes et Femmes,558.0,177.9,
2022,52,Pays de la Loire,25-44 ans,Femmes,491.0,108.0,
2022,52,Pays de la Loire,25-44 ans,Hommes,517.0,114.5,
2022,52,Pays de la Loire,25-44 ans,Hommes et Femmes,1008.0,111.2,
2022,52,Pays de la Loire,45-64 ans,Femmes,581.0,116.8,
2022,52,Pays de la Loire,45-64 ans,Hommes,445.0,91.7,
2022,52,Pays de la Loire,45-64 ans,Hommes et Femmes,1026.0,104.4,
2022,52,Pays de la Loire,65 ans et plus,Femmes,312.0,65.8,
2022,52,Pays de la Loire,65 ans et plus,Hommes,174.0,47.8,
2022,52,Pays de la Loire,65 ans et plus,Hommes et Femmes,486.0,58.0,
2022,52,Pays de la Loire,Tous,Femmes,2644.0,133.2,132.1
2022,52,Pays de la Loire,Tous,Hommes,1499.0,79.1,79.6
2022,52,Pays de la Loire,Tous,Hommes et Femmes,4143.0,106.8,106.6
2021,84,Auvergne-Rhône-Alpes,00-10 ans,Femmes,10.0,2.0,
2021,84,Auvergne-Rhône-Alpes,00-10 ans,Hommes,18.25,3.4,
2021,84,Auvergne-Rhône-Alpes,00-10 ans,Hommes et Femmes,28.25,2.7,
2021,84,Auvergne-Rhône-Alpes,11-17 ans,Femmes,1219.0,351.0,
2021,84,Auvergne-Rhône-Alpes,11-17 ans,Hommes,217.25,59.2,
2021,84,Auvergne-Rhône-Alpes,11-17 ans,Hommes et Femmes,1436.25,201.0,
2021,84,Auvergne-Rhône-Alpes,18-24 ans,Femmes,910.0,283.0,
2021,84,Auvergne-Rhône-Alpes,18-24 ans,Hommes,417.5,123.2,
2021,84,Auvergne-Rhône-Alpes,18-24 ans,Hommes et Femmes,1327.5,201.0,
2021,84,Auvergne-Rhône-Alpes,25-44 ans,Femmes,1243.0,124.6,
2021,84,Auvergne-Rhône-Alpes,25-44 ans,Hommes,1063.0,109.1,
2021,84,Auvergne-Rhône-Alpes,25-44 ans,Hommes et Femmes,2306.0,116.9,
2021,84,Auvergne-Rhône-Alpes,45-64 ans,Femmes,1247.0,118.6,
2021,84,Auvergne-Rhône-Alpes,45-64 ans,Hommes,987.0,96.6,
2021,84,Auvergne-Rhône-Alpes,45-64 ans,Hommes et Femmes,2234.0,107.8,
2021,84,Auvergne-Rhône-Alpes,65 ans et plus,Femmes,636.0,67.8,
2021,84,Auvergne-Rhône-Alpes,65 ans et plus,Hommes,378.5,52.8,
2021,84,Auvergne-Rhône-Alpes,65 ans et plus,Hommes et Femmes,1014.5,61.3,
2021,84,Auvergne-Rhône-Alpes,Tous,Femmes,5265.0,126.4,126.7
2021,84,Auvergne-Rhône-Alpes,Tous,Hommes,3078.5,77.9,78.2
2021,84,Auvergne-Rhône-Alpes,Tous,Hommes et Femmes,8343.5,102.8,103.2
2021,27,Bourgogne-Franche-Comté,00-10 ans,Femmes,7.0,4.4,
2021,27,Bourgogne-Franche-Comté,00-10 ans,Hommes,9.0,5.4,
2021,27,Bourgogne-Franche-Comté,00-10 ans,Hommes et Femmes,16.0,4.9,
2021,27,Bourgogne-Franche-Comté,11-17 ans,Femmes,624.0,543.0,
2021,27,Bourgogne-Franche-Comté,11-17 ans,Hommes,113.0,92.3,
2021,27,Bourgogne-Franche-Comté,11-17 ans,Hommes et Femmes,737.0,310.5,
2021,27,Bourgogne-Franche-Comté,18-24 ans,Femmes,349.0,350.0,
2021,27,Bourgogne-Franche-Comté,18-24 ans,Hommes,173.0,154.9,
2021,27,Bourgogne-Franche-Comté,18-24 ans,Hommes et Femmes,522.0,246.9,
2021,27,Bourgogne-Franche-Comté,25-44 ans,Femmes,474.0,153.8,
2021,27,Bourgogne-Franche-Comté,25-44 ans,Hommes,500.0,162.7,
2021,27,Bourgogne-Franche-Comté,25-44 ans,Hommes et Femmes,974.0,158.2,
2021,27,Bourgogne-Franche-Comté,45-64 ans,Femmes,664.0,175.8,
2021,27,Bourgogne-Franche-Comté,45-64 ans,Hommes,424.0,115.9,
2021,27,Bourgogne-Franche-Comté,45-64 ans,Hommes et Femmes,1088.0,146.3,
2021,27,Bourgogne-Franche-Comté,65 ans et plus,Femmes,250.0,66.8,
2021,27,Bourgogne-Franche-Comté,65 ans et plus,Hommes,152.0,52.3,
2021,27,Bourgogne-Franche-Comté,65 ans et plus,Hommes et Femmes,402.0,60.5,
2021,27,Bourgogne-Franche-Comté,Tous,Femmes,2368.0,165.0,169.3
2021,27,Bourgogne-Franche-Comté,Tous,Hommes,1371.0,100.4,102.3
2021,27,Bourgogne-Franche-Comté,Tous,Hommes et Femmes,3739.0,133.5,136.8
2021,53,Bretagne,00-10 ans,Femmes,1.25,0.6,
2021,53,Bretagne,00-10 ans,Hommes,1.25,0.6,
2021,53,Bretagne,00-10 ans,Hommes et Femmes,2.5,0.6,
2021,53,Bretagne,11-17 ans,Femmes,683.75,472.0,
2021,53,Bretagne,11-17 ans,Hommes,103.75,68.0,
2021,53,Bretagne,11-17 ans,Hommes et Femmes,790.0,265.6,
2021,53,Bretagne,18-24 ans,Femmes,450.0,355.3,
2021,53,Bretagne,18-24 ans,Hommes,231.0,167.6,
2021,53,Bretagne,18-24 ans,Hommes et Femmes,681.0,257.5,
2021,53,Bretagne,25-44 ans,Femmes,655.0,174.1,
2021,53,Bretagne,25-44 ans,Hommes,684.0,181.5,
2021,53,Bretagne,25-44 ans,Hommes et Femmes,1339.0,177.8,
2021,53,Bretagne,45-64 ans,Femmes,881.0,194.2,
2021,53,Bretagne,45-64 ans,Hommes,644.0,145.0,
2021,53,Bretagne,45-64 ans,Hommes et Femmes,1525.0,169.9,
2021,53,Bretagne,65 ans et plus,Femmes,374.0,83.5,
2021,53,Bretagne,65 ans et plus,Hommes,244.0,72.9,
2021,53,Bretagne,65 ans et plus,Hommes et Femmes,618.0,79.0,
2021,53,Bretagne,Tous,Femmes,3047.0,174.8,176.9
2021,53,Bretagne,Tous,Hommes,1910.0,115.7,116.7
2021,53,Bretagne,Tous,Hommes et Femmes,4957.0,146.0,147.7
2021,24,Centre-Val de Loire,00-10 ans,Femmes,1.25,0.8,
2021,24,Centre-Val de Loire,00-10 ans,Hommes,1.25,0.8,
2021,24,Centre-Val de Loire,00-10 ans,Hommes et Femmes,2.5,0.8,
2021,24,Centre-Val de Loire,11-17 ans,Femmes,406.75,373.9,
2021,24,Centre-Val de Loire,11-17 ans,Hommes,77.75,66.9,
2021,24,Centre-Val de Loire,11-17 ans,Hommes et Femmes,484.5,215.4,
2021,24,Centre-Val de Loire,18-24 ans,Femmes,244.0,265.6,
2021,24,Centre-Val de Loire,18-24 ans,Hommes,133.0,134.1,
2021,24,Centre-Val de Loire,18-24 ans,Hommes et Femmes,377.0,197.3,
2021,24,Centre-Val de Loire,25-44 ans,Femmes,352.0,122.2,
2021,24,Centre-Val de Loire,25-44 ans,Hommes,352.0,125.5,
2021,24,Centre-Val de Loire,25-44 ans,Hommes et Femmes,704.0,123.8,
2021,24,Centre-Val de Loire,45-64 ans,Femmes,503.0,145.6,
2021,24,Centre-Val de Loire,45-64 ans,Hommes,331.0,99.6,
2021,24,Centre-Val de Loire,45-64 ans,Hommes et Femmes,834.0,123.1,
2021,24,Centre-Val de Loire,65 ans et plus,Femmes,229.0,68.1,
2021,24,Centre-Val de Loire,65 ans et plus,Hommes,148.0,56.7,
2021,24,Centre-Val de Loire,65 ans et plus,Hommes et Femmes,377.0,63.2,
2021,24,Centre-Val de Loire,Tous,Femmes,1739.0,131.3,133.7
2021,24,Centre-Val de Loire,Tous,Hommes,1044.5,83.6,85.3
2021,24,Centre-Val de Loire,Tous,Hommes et Femmes,2783.5,108.2,110.2
2021,94,Corse,00-10 ans,Femmes,0.0,0.0,
2021,94,Corse,00-10 ans,Hommes,0.0,0.0,
2021,94,Corse,00-10 ans,Hommes et Femmes,0.0,0.0,
2021,94,Corse,11-17 ans,Femmes,33.0,266.0,
2021,94,Corse,11-17 ans,Hommes,2.5,18.6,
2021,94,Corse,11-17 ans,Hommes et Femmes,35.5,137.5,
2021,94,Corse,18-24 ans,Femmes,11.5,106.6,
2021,94,Corse,18-24 ans,Hommes,2.5,21.9,
2021,94,Corse,18-24 ans,Hommes et Femmes,13.0,58.5,
2021,94,Corse,25-44 ans,Femmes,28.0,65.5,
2021,94,Corse,25-44 ans,Hommes,22.0,54.9,
2021,94,Corse,25-44 ans,Hommes et Femmes,50.0,60.4,
2021,94,Corse,45-64 ans,Femmes,33.0,68.5,
2021,94,Corse,45-64 ans,Hommes,28.0,60.6,
2021,94,Corse,45-64 ans,Hommes et Femmes,61.0,64.6,
2021,94,Corse,65 ans et plus,Femmes,25.0,54.1,
2021,94,Corse,65 ans et plus,Hommes,7.5,19.6,
2021,94,Corse,65 ans et plus,Hommes et Femmes,32.5,38.5,
2021,94,Corse,Tous,Femmes,130.5,72.9,75.5
2021,94,Corse,Tous,Hommes,62.0,36.8,35.7
2021,94,Corse,Tous,Hommes et Femmes,192.5,55.4,56.2
2021,44,Grand Est,00-10 ans,Femmes,9.0,2.8,
2021,44,Grand Est,00-10 ans,Hommes,11.0,3.2,
2021,44,Grand Est,00-10 ans,Hommes et Femmes,20.0,3.0,
2021,44,Grand Est,11-17 ans,Femmes,990.0,435.8,
2021,44,Grand Est,11-17 ans,Hommes,217.0,90.2,
2021,44,Grand Est,11-17 ans,Hommes et Femmes,1207.0,258.0,
2021,44,Grand Est,18-24 ans,Femmes,462.0,211.4,
2021,44,Grand Est,18-24 ans,Hommes,282.0,119.8,
2021,44,Grand Est,18-24 ans,Hommes et Femmes,744.0,163.9,
2021,44,Grand Est,25-44 ans,Femmes,744.0,111.8,
2021,44,Grand Est,25-44 ans,Hommes,840.0,127.2,
2021,44,Grand Est,25-44 ans,Hommes et Femmes,1584.0,119.5,
2021,44,Grand Est,45-64 ans,Femmes,945.0,125.3,
2021,44,Grand Est,45-64 ans,Hommes,771.0,105.7,
2021,44,Grand Est,45-64 ans,Hommes et Femmes,1716.0,115.7,
2021,44,Grand Est,65 ans et plus,Femmes,411.0,62.4,
2021,44,Grand Est,65 ans et plus,Hommes,235.0,46.3,
2021,44,Grand Est,65 ans et plus,Hommes et Femmes,646.0,55.4,
2021,44,Grand Est,Tous,Femmes,3561.0,125.0,125.7
2021,44,Grand Est,Tous,Hommes,2356.0,86.8,86.3
2021,44,Grand Est,Tous,Hommes et Femmes,5917.0,106.4,106.6
2021,1,Guadeloupe,00-10 ans,Femmes,1.25,5.6,
2021,1,Guadeloupe,00-10 ans,Hommes,2.5,10.7,
2021,1,Guadeloupe,00-10 ans,Hommes et Femmes,3.75,8.2,
2021,1,Guadeloupe,11-17 ans,Femmes,10.75,59.8,
2021,1,Guadeloupe,11-17 ans,Hommes,2.5,13.3,
2021,1,Guadeloupe,11-17 ans,Hommes et Femmes,13.25,36.1,
2021,1,Guadeloupe,18-24 ans,Femmes,2.5,17.7,
2021,1,Guadeloupe,18-24 ans,Hommes,2.5,17.3,
2021,1,Guadeloupe,18-24 ans,Hommes et Femmes,6.0,21.0,
2021,1,Guadeloupe,25-44 ans,Femmes,15.0,34.1,
2021,1,Guadeloupe,25-44 ans,Hommes,14.0,44.1,
2021,1,Guadeloupe,25-44 ans,Hommes et Femmes,29.0,38.3,
2021,1,Guadeloupe,45-64 ans,Femmes,10.0,15.5,
2021,1,Guadeloupe,45-64 ans,Hommes,7.0,13.2,
2021,1,Guadeloupe,45-64 ans,Hommes et Femmes,17.0,14.5,
2021,1,Guadeloupe,65 ans et plus,Femmes,5.0,11.0,
2021,1,Guadeloupe,65 ans et plus,Hommes,10.0,29.0,
2021,1,Guadeloupe,65 ans et plus,Hommes et Femmes,15.0,18.8,
2021,1,Guadeloupe,Tous,Femmes,45.5,21.8,21.8
2021,1,Guadeloupe,Tous,Hommes,39.0,22.2,24.1
2021,1,Guadeloupe,Tous,Hommes et Femmes,84.5,22.0,22.9
2021,3,Guyane,00-10 ans,Femmes,4.75,14.3,
2021,3,Guyane,00-10 ans,Hommes,2.5,7.3,
2021,3,Guyane,00-10 ans,Hommes et Femmes,8.0,11.9,
2021,3,Guyane,11-17 ans,Femmes,45.0,219.9,
2021,3,Guyane,11-17 ans,Hommes,2.5,12.2,
2021,3,Guyane,11-17 ans,Hommes et Femmes,47.5,115.9,
2021,3,Guyane,18-24 ans,Femmes,26.0,166.7,
2021,3,Guyane,18-24 ans,Hommes,6.0,41.0,
2021,3,Guyane,18-24 ans,Hommes et Femmes,32.0,105.9,
2021,3,Guyane,25-44 ans,Femmes,32.0,78.0,
2021,3,Guyane,25-44 ans,Hommes,15.0,42.1,
2021,3,Guyane,25-44 ans,Hommes et Femmes,47.0,61.3,
2021,3,Guyane,45-64 ans,Femmes,12.0,43.9,
2021,3,Guyane,45-64 ans,Hommes,9.0,34.6,
2021,3,Guyane,45-64 ans,Hommes et Femmes,21.0,39.4,
2021,3,Guyane,65 ans et plus,Femmes,0.0,0.0,
2021,3,Guyane,65 ans et plus,Hommes,2.5,28.9,
2021,3,Guyane,65 ans et plus,Hommes et Femmes,2.5,13.8,
2021,3,Guyane,Tous,Femmes,119.75,81.4,62.9
2021,3,Guyane,Tous,Hommes,38.5,27.6,29.7
2021,3,Guyane,Tous,Hommes et Femmes,159.5,55.6,46.8
2021,32,Hauts de France,00-10 ans,Femmes,24.0,6.1,
2021,32,Hauts de France,00-10 ans,Hommes,29.0,7.0,
2021,32,Hauts de France,00-10 ans,Hommes et Femmes,53.0,6.6,
2021,32,Hauts de France,11-17 ans,Femmes,1577.0,576.0,
2021,32,Hauts de France,11-17 ans,Hommes,364.0,126.8,
2021,32,Hauts de France,11-17 ans,Hommes et Femmes,1941.0,346.0,
2021,32,Hauts de France,18-24 ans,Femmes,1129.0,441.1,
2021,32,Hauts de France,18-24 ans,Hommes,582.0,218.7,
2021,32,Hauts de France,18-24 ans,Hommes et Femmes,1711.0,327.7,
2021,32,Hauts de France,25-44 ans,Femmes,1701.0,231.1,
2021,32,Hauts de France,25-44 ans,Hommes,1822.0,253.4,
2021,32,Hauts de France,25-44 ans,Hommes et Femmes,3523.0,242.1,
2021,32,Hauts de France,45-64 ans,Femmes,1793.0,231.3,
2021,32,Hauts de France,45-64 ans,Hommes,1433.0,192.0,
2021,32,Hauts de France,45-64 ans,Hommes et Femmes,3226.0,212.0,
2021,32,Hauts de France,65 ans et plus,Femmes,663.0,101.2,
2021,32,Hauts de France,65 ans et plus,Hommes,383.0,80.5,
2021,32,Hauts de France,65 ans et plus,Hommes et Femmes,1046.0,92.5,
2021,32,Hauts de France,Tous,Femmes,6887.0,223.0,219.8
2021,32,Hauts de France,Tous,Hommes,4613.0,158.7,158.4
2021,32,Hauts de France,Tous,Hommes et Femmes,11500.0,191.8,190.0
2021,11,Ile-de-France,00-10 ans,Femmes,25.0,3.0,
2021,11,Ile-de-France,00-10 ans,Hommes,34.75,4.0,
2021,11,Ile-de-France,00-10 ans,Hommes et Femmes,59.75,3.5,
2021,11,Ile-de-France,11-17 ans,Femmes,1664.0,310.2,
2021,11,Ile-de-France,11-17 ans,Hommes,290.0,51.8,
2021,11,Ile-de-France,11-17 ans,Hommes et Femmes,1954.0,178.3,
2021,11,Ile-de-France,18-24 ans,Femmes,916.0,163.6,
2021,11,Ile-de-France,18-24 ans,Hommes,359.0,64.8,
2021,11,Ile-de-France,18-24 ans,Hommes et Femmes,1275.0,114.5,
2021,11,Ile-de-France,25-44 ans,Femmes,1121.0,63.0,
2021,11,Ile-de-France,25-44 ans,Hommes,891.0,53.3,
2021,11,Ile-de-France,25-44 ans,Hommes et Femmes,2012.0,58.3,
2021,11,Ile-de-France,45-64 ans,Femmes,1180.0,75.8,
2021,11,Ile-de-France,45-64 ans,Hommes,831.0,56.3,
2021,11,Ile-de-France,45-64 ans,Hommes et Femmes,2011.0,66.3,
2021,11,Ile-de-France,65 ans et plus,Femmes,557.0,50.9,
2021,11,Ile-de-France,65 ans et plus,Hommes,346.0,42.3,
2021,11,Ile-de-France,65 ans et plus,Hommes et Femmes,903.0,47.2,
2021,11,Ile-de-France,Tous,Femmes,5463.0,85.8,84.8
2021,11,Ile-de-France,Tous,Hommes,2751.75,46.2,46.5
2021,11,Ile-de-France,Tous,Hommes et Femmes,8214.75,66.7,66.2
2021,4,La Réunion,00-10 ans,Femmes,1.25,1.9,
2021,4,La Réunion,00-10 ans,Hommes,1.25,1.8,
2021,4,La Réunion,00-10 ans,Hommes et Femmes,2.5,1.8,
2021,4,La Réunion,11-17 ans,Femmes,242.75,513.5,
2021,4,La Réunion,11-17 ans,Hommes,35.5,71.9,
2021,4,La Réunion,11-17 ans,Hommes et Femmes,282.0,291.8,
2021,4,La Réunion,18-24 ans,Femmes,91.0,241.7,
2021,4,La Réunion,18-24 ans,Hommes,42.0,113.2,
2021,4,La Réunion,18-24 ans,Hommes et Femmes,133.0,177.9,
2021,4,La Réunion,25-44 ans,Femmes,156.0,133.5,
2021,4,La Réunion,25-44 ans,Hommes,151.0,158.1,
2021,4,La Réunion,25-44 ans,Hommes et Femmes,307.0,144.5,
2021,4,La Réunion,45-64 ans,Femmes,98.0,80.2,
2021,4,La Réunion,45-64 ans,Hommes,87.0,77.1,
2021,4,La Réunion,45-64 ans,Hommes et Femmes,185.0,78.7,
2021,4,La Réunion,65 ans et plus,Femmes,30.0,46.2,
2021,4,La Réunion,65 ans et plus,Hommes,30.0,58.6,
2021,4,La Réunion,65 ans et plus,Hommes et Femmes,60.0,51.7,
2021,4,La Réunion,Tous,Femmes,621.0,136.2,124.7
2021,4,La Réunion,Tous,Hommes,349.0,84.1,86.8
2021,4,La Réunion,Tous,Hommes et Femmes,970.0,111.3,106.3
2021,2,Martinique,00-10 ans,Femmes,1.25,6.4,
2021,2,Martinique,00-10 ans,Hommes,1.25,6.3,
2021,2,Martinique,00-10 ans,Hommes et Femmes,6.0,15.3,
2021,2,Martinique,11-17 ans,Femmes,34.75,237.1,
2021,2,Martinique,11-17 ans,Hommes,7.75,49.2,
2021,2,Martinique,11-17 ans,Hommes et Femmes,45.0,148.0,
2021,2,Martinique,18-24 ans,Femmes,19.0,150.6,
2021,2,Martinique,18-24 ans,Hommes,8.0,62.9,
2021,2,Martinique,18-24 ans,Hommes et Femmes,27.0,106.6,
2021,2,Martinique,25-44 ans,Femmes,30.0,74.9,
2021,2,Martinique,25-44 ans,Hommes,25.0,83.7,
2021,2,Martinique,25-44 ans,Hommes et Femmes,55.0,78.7,
2021,2,Martinique,45-64 ans,Femmes,22.0,35.0,
2021,2,Martinique,45-64 ans,Hommes,39.0,75.6,
2021,2,Martinique,45-64 ans,Hommes et Femmes,61.0,53.3,
2021,2,Martinique,65 ans et plus,Femmes,13.0,28.2,
2021,2,Martinique,65 ans et plus,Hommes,27.0,76.8,
2021,2,Martinique,65 ans et plus,Hommes et Femmes,40.0,49.2,
2021,2,Martinique,Tous,Femmes,123.0,62.8,67.1
2021,2,Martinique,Tous,Hommes,111.0,67.3,67.2
2021,2,Martinique,Tous,Hommes et Femmes,234.0,64.9,67.1
2021,6,Mayotte,00-10 ans,Femmes,0.0,0.0,
2021,6,Mayotte,00-10 ans,Hommes,0.0,0.0,
2021,6,Mayotte,00-10 ans,Hommes et Femmes,0.0,0.0,
2021,6,Mayotte,11-17 ans,Femmes,2.5,9.6,
2021,6,Mayotte,11-17 ans,Hommes,0.0,0.0,
2021,6,Mayotte,11-17 ans,Hommes et Femmes,2.5,4.9,
2021,6,Mayotte,18-24 ans,Femmes,2.5,16.1,
2021,6,Mayotte,18-24 ans,Hommes,0.0,0.0,
2021,6,Mayotte,18-24 ans,Hommes et Femmes,2.5,9.0,
2021,6,Mayotte,25-44 ans,Femmes,2.5,5.9,
2021,6,Mayotte,25-44 ans,Hommes,2.5,7.8,
2021,6,Mayotte,25-44 ans,Hommes et Femmes,5.0,6.7,
2021,6,Mayotte,45-64 ans,Femmes,2.5,15.9,
2021,6,Mayotte,45-64 ans,Hommes,0.0,0.0,
2021,6,Mayotte,45-64 ans,Hommes et Femmes,2.5,7.6,
2021,6,Mayotte,65 ans et plus,Femmes,2.5,65.1,
2021,6,Mayotte,65 ans et plus,Hommes,0.0,0.0,
2021,6,Mayotte,65 ans et plus,Hommes et Femmes,2.5,32.5,
2021,6,Mayotte,Tous,Femmes,10.0,6.6,11.4
2021,6,Mayotte,Tous,Hommes,2.5,1.8,0.8
2021,6,Mayotte,Tous,Hommes et Femmes,15.0,5.2,6.2
2021,28,Normandie,00-10 ans,Femmes,16.0,8.0,
2021,28,Normandie,00-10 ans,Hommes,14.0,6.7,
2021,28,Normandie,00-10 ans,Hommes et Femmes,30.0,7.3,
2021,28,Normandie,11-17 ans,Femmes,926.0,654.6,
2021,28,Normandie,11-17 ans,Hommes,181.0,119.9,
2021,28,Normandie,11-17 ans,Hommes et Femmes,1107.0,378.7,
2021,28,Normandie,18-24 ans,Femmes,482.0,377.8,
2021,28,Normandie,18-24 ans,Hommes,256.0,188.6,
2021,28,Normandie,18-24 ans,Hommes et Femmes,738.0,280.3,
2021,28,Normandie,25-44 ans,Femmes,705.0,185.9,
2021,28,Normandie,25-44 ans,Hommes,704.0,188.5,
2021,28,Normandie,25-44 ans,Hommes et Femmes,1409.0,187.2,
2021,28,Normandie,45-64 ans,Femmes,821.0,185.0,
2021,28,Normandie,45-64 ans,Hommes,606.0,142.9,
2021,28,Normandie,45-64 ans,Hommes et Femmes,1427.0,164.4,
2021,28,Normandie,65 ans et plus,Femmes,388.0,91.4,
2021,28,Normandie,65 ans et plus,Hommes,202.0,63.6,
2021,28,Normandie,65 ans et plus,Hommes et Femmes,590.0,79.5,
2021,28,Normandie,Tous,Femmes,3338.0,194.4,196.8
2021,28,Normandie,Tous,Hommes,1963.0,121.9,123.4
2021,28,Normandie,Tous,Hommes et Femmes,5301.0,159.3,161.2
2021,75,Nouvelle Aquitaine,00-10 ans,Femmes,7.0,2.1,
2021,75,Nouvelle Aquitaine,00-10 ans,Hommes,6.0,1.8,
2021,75,Nouvelle Aquitaine,00-10 ans,Hommes et Femmes,13.0,1.9,
2021,75,Nouvelle Aquitaine,11-17 ans,Femmes,1006.0,421.3,
2021,75,Nouvelle Aquitaine,11-17 ans,Hommes,206.0,81.6,
2021,75,Nouvelle Aquitaine,11-17 ans,Hommes et Femmes,1212.0,246.7,
2021,75,Nouvelle Aquitaine,18-24 ans,Femmes,600.0,273.5,
2021,75,Nouvelle Aquitaine,18-24 ans,Hommes,382.0,163.7,
2021,75,Nouvelle Aquitaine,18-24 ans,Hommes et Femmes,982.0,216.9,
2021,75,Nouvelle Aquitaine,25-44 ans,Femmes,925.0,136.0,
2021,75,Nouvelle Aquitaine,25-44 ans,Hommes,911.0,138.1,
2021,75,Nouvelle Aquitaine,25-44 ans,Hommes et Femmes,1836.0,137.0,
2021,75,Nouvelle Aquitaine,45-64 ans,Femmes,1189.0,142.3,
2021,75,Nouvelle Aquitaine,45-64 ans,Hommes,764.0,96.7,
2021,75,Nouvelle Aquitaine,45-64 ans,Hommes et Femmes,1953.0,120.2,
2021,75,Nouvelle Aquitaine,65 ans et plus,Femmes,604.0,71.4,
2021,75,Nouvelle Aquitaine,65 ans et plus,Hommes,344.0,53.1,
2021,75,Nouvelle Aquitaine,65 ans et plus,Hommes et Femmes,948.0,63.5,
2021,75,Nouvelle Aquitaine,Tous,Femmes,4331.0,137.7,141.4
2021,75,Nouvelle Aquitaine,Tous,Hommes,2613.0,89.4,90.8
2021,75,Nouvelle Aquitaine,Tous,Hommes et Femmes,6944.0,114.4,116.8
2021,76,Occitanie,00-10 ans,Femmes,16.0,4.7,
2021,76,Occitanie,00-10 ans,Hommes,27.0,7.6,
2021,76,Occitanie,00-10 ans,Hommes et Femmes,43.0,6.2,
2021,76,Occitanie,11-17 ans,Femmes,789.0,328.1,
2021,76,Occitanie,11-17 ans,Hommes,155.0,60.8,
2021,76,Occitanie,11-17 ans,Hommes et Femmes,944.0,190.5,
2021,76,Occitanie,18-24 ans,Femmes,484.0,207.4,
2021,76,Occitanie,18-24 ans,Hommes,220.0,89.6,
2021,76,Occitanie,18-24 ans,Hommes et Femmes,704.0,147.0,
2021,76,Occitanie,25-44 ans,Femmes,720.0,102.8,
2021,76,Occitanie,25-44 ans,Hommes,662.0,97.7,
2021,76,Occitanie,25-44 ans,Hommes et Femmes,1382.0,100.3,
2021,76,Occitanie,45-64 ans,Femmes,906.0,111.7,
2021,76,Occitanie,45-64 ans,Hommes,602.0,78.7,
2021,76,Occitanie,45-64 ans,Hommes et Femmes,1508.0,95.7,
2021,76,Occitanie,65 ans et plus,Femmes,462.5,58.9,
2021,76,Occitanie,65 ans et plus,Hommes,292.0,47.7,
2021,76,Occitanie,65 ans et plus,Hommes et Femmes,754.5,54.0,
2021,76,Occitanie,Tous,Femmes,3377.5,108.6,110.2
2021,76,Occitanie,Tous,Hommes,1958.0,67.3,67.6
2021,76,Occitanie,Tous,Hommes et Femmes,5335.5,88.6,89.6
2021,93,PACA,00-10 ans,Femmes,10.0,3.4,
2021,93,PACA,00-10 ans,Hommes,10.0,3.2,
2021,93,PACA,00-10 ans,Hommes et Femmes,20.0,3.3,
2021,93,PACA,11-17 ans,Femmes,861.0,433.4,
2021,93,PACA,11-17 ans,Hommes,149.0,70.6,
2021,93,PACA,11-17 ans,Hommes et Femmes,1010.0,246.6,
2021,93,PACA,18-24 ans,Femmes,415.0,221.8,
2021,93,PACA,18-24 ans,Hommes,197.5,100.5,
2021,93,PACA,18-24 ans,Hommes et Femmes,612.5,159.7,
2021,93,PACA,25-44 ans,Femmes,665.0,110.2,
2021,93,PACA,25-44 ans,Hommes,554.0,97.4,
2021,93,PACA,25-44 ans,Hommes et Femmes,1219.0,104.0,
2021,93,PACA,45-64 ans,Femmes,875.0,125.0,
2021,93,PACA,45-64 ans,Hommes,563.0,87.4,
2021,93,PACA,45-64 ans,Hommes et Femmes,1438.0,107.0,
2021,93,PACA,65 ans et plus,Femmes,494.0,71.3,
2021,93,PACA,65 ans et plus,Hommes,273.5,52.4,
2021,93,PACA,65 ans et plus,Hommes et Femmes,767.5,63.2,
2021,93,PACA,Tous,Femmes,3320.0,124.1,128.0
2021,93,PACA,Tous,Hommes,1747.0,71.2,72.0
2021,93,PACA,Tous,Hommes et Femmes,5067.0,98.8,100.8
2021,52,Pays de la Loire,00-10 ans,Femmes,7.0,2.9,
2021,52,Pays de la Loire,00-10 ans,Hommes,7.0,2.8,
2021,52,Pays de la Loire,00-10 ans,Hommes et Femmes,14.0,2.9,
2021,52,Pays de la Loire,11-17 ans,Femmes,811.0,469.7,
2021,52,Pays de la Loire,11-17 ans,Hommes,140.0,76.5,
2021,52,Pays de la Loire,11-17 ans,Hommes et Femmes,951.0,267.4,
2021,52,Pays de la Loire,18-24 ans,Femmes,334.0,223.2,
2021,52,Pays de la Loire,18-24 ans,Hommes,197.0,123.5,
2021,52,Pays de la Loire,18-24 ans,Hommes et Femmes,531.0,171.7,
2021,52,Pays de la Loire,25-44 ans,Femmes,463.0,102.9,
2021,52,Pays de la Loire,25-44 ans,Hommes,508.0,113.9,
2021,52,Pays de la Loire,25-44 ans,Hommes et Femmes,971.0,108.4,
2021,52,Pays de la Loire,45-64 ans,Femmes,577.0,115.8,
2021,52,Pays de la Loire,45-64 ans,Hommes,467.0,96.4,
2021,52,Pays de la Loire,45-64 ans,Hommes et Femmes,1044.0,106.2,
2021,52,Pays de la Loire,65 ans et plus,Femmes,301.0,64.6,
2021,52,Pays de la Loire,65 ans et plus,Hommes,195.0,54.8,
2021,52,Pays de la Loire,65 ans et plus,Hommes et Femmes,496.0,60.3,
2021,52,Pays de la Loire,Tous,Femmes,2493.0,126.3,125.4
2021,52,Pays de la Loire,Tous,Hommes,1514.0,80.6,81.2
2021,52,Pays de la Loire,Tous,Hommes et Femmes,4007.0,104.0,104.0
2020,84,Auvergne-Rhône-Alpes,00-10 ans,Femmes,10.0,2.0,
2020,84,Auvergne-Rhône-Alpes,00-10 ans,Hommes,14.25,2.7,
2020,84,Auvergne-Rhône-Alpes,00-10 ans,Hommes et Femmes,24.25,2.3,
2020,84,Auvergne-Rhône-Alpes,11-17 ans,Femmes,750.0,217.7,
2020,84,Auvergne-Rhône-Alpes,11-17 ans,Hommes,193.25,53.1,
2020,84,Auvergne-Rhône-Alpes,11-17 ans,Hommes et Femmes,943.25,133.1,
2020,84,Auvergne-Rhône-Alpes,18-24 ans,Femmes,678.5,211.2,
2020,84,Auvergne-Rhône-Alpes,18-24 ans,Hommes,414.0,122.5,
2020,84,Auvergne-Rhône-Alpes,18-24 ans,Hommes et Femmes,1092.5,165.7,
2020,84,Auvergne-Rhône-Alpes,25-44 ans,Femmes,1105.0,111.8,
2020,84,Auvergne-Rhône-Alpes,25-44 ans,Hommes,1121.5,116.2,
2020,84,Auvergne-Rhône-Alpes,25-44 ans,Hommes et Femmes,2226.5,113.9,
2020,84,Auvergne-Rhône-Alpes,45-64 ans,Femmes,1416.0,134.4,
2020,84,Auvergne-Rhône-Alpes,45-64 ans,Hommes,948.0,92.9,
2020,84,Auvergne-Rhône-Alpes,45-64 ans,Hommes et Femmes,2364.0,114.0,
2020,84,Auvergne-Rhône-Alpes,65 ans et plus,Femmes,592.0,63.9,
2020,84,Auvergne-Rhône-Alpes,65 ans et plus,Hommes,358.5,50.7,
2020,84,Auvergne-Rhône-Alpes,65 ans et plus,Hommes et Femmes,950.5,58.2,
2020,84,Auvergne-Rhône-Alpes,Tous,Femmes,4551.5,109.8,110.2
2020,84,Auvergne-Rhône-Alpes,Tous,Hommes,3049.0,77.5,77.8
2020,84,Auvergne-Rhône-Alpes,Tous,Hommes et Femmes,7600.5,94.1,94.5
2020,27,Bourgogne-Franche-Comté,00-10 ans,Femmes,5.0,3.1,
2020,27,Bourgogne-Franche-Comté,00-10 ans,Hommes,15.25,9.0,
2020,27,Bourgogne-Franche-Comté,00-10 ans,Hommes et Femmes,20.25,6.1,
2020,27,Bourgogne-Franche-Comté,11-17 ans,Femmes,376.0,327.0,
2020,27,Bourgogne-Franche-Comté,11-17 ans,Hommes,104.25,85.3,
2020,27,Bourgogne-Franche-Comté,11-17 ans,Hommes et Femmes,480.25,202.5,
2020,27,Bourgogne-Franche-Comté,18-24 ans,Femmes,274.0,271.9,
2020,27,Bourgogne-Franche-Comté,18-24 ans,Hommes,152.5,136.5,
2020,27,Bourgogne-Franche-Comté,18-24 ans,Hommes et Femmes,426.5,200.7,
2020,27,Bourgogne-Franche-Comté,25-44 ans,Femmes,522.0,169.3,
2020,27,Bourgogne-Franche-Comté,25-44 ans,Hommes,493.0,160.7,
2020,27,Bourgogne-Franche-Comté,25-44 ans,Hommes et Femmes,1015.0,165.0,
2020,27,Bourgogne-Franche-Comté,45-64 ans,Femmes,636.0,167.3,
2020,27,Bourgogne-Franche-Comté,45-64 ans,Hommes,452.0,122.9,
2020,27,Bourgogne-Franche-Comté,45-64 ans,Hommes et Femmes,1088.0,145.5,
2020,27,Bourgogne-Franche-Comté,65 ans et plus,Femmes,285.0,76.9,
2020,27,Bourgogne-Franche-Comté,65 ans et plus,Hommes,165.0,57.5,
2020,27,Bourgogne-Franche-Comté,65 ans et plus,Hommes et Femmes,450.0,68.4,
2020,27,Bourgogne-Franche-Comté,Tous,Femmes,2098.0,146.0,149.1
2020,27,Bourgogne-Franche-Comté,Tous,Hommes,1380.0,101.1,102.7
2020,27,Bourgogne-Franche-Comté,Tous,Hommes et Femmes,3478.0,124.1,126.6
2020,53,Bretagne,00-10 ans,Femmes,7.0,3.6,
2020,53,Bretagne,00-10 ans,Hommes,9.0,4.4,
2020,53,Bretagne,00-10 ans,Hommes et Femmes,16.0,4.0,
2020,53,Bretagne,11-17 ans,Femmes,401.0,278.0,
2020,53,Bretagne,11-17 ans,Hommes,116.0,76.6,
2020,53,Bretagne,11-17 ans,Hommes et Femmes,517.0,174.8,
2020,53,Bretagne,18-24 ans,Femmes,363.0,287.5,
2020,53,Bretagne,18-24 ans,Hommes,214.0,155.3,
2020,53,Bretagne,18-24 ans,Hommes et Femmes,577.0,218.5,
2020,53,Bretagne,25-44 ans,Femmes,699.0,187.1,
2020,53,Bretagne,25-44 ans,Hommes,794.0,212.7,
2020,53,Bretagne,25-44 ans,Hommes et Femmes,1493.0,199.9,
2020,53,Bretagne,45-64 ans,Femmes,966.0,213.0,
2020,53,Bretagne,45-64 ans,Hommes,638.0,144.1,
2020,53,Bretagne,45-64 ans,Hommes et Femmes,1604.0,179.0,
2020,53,Bretagne,65 ans et plus,Femmes,372.0,84.5,
2020,53,Bretagne,65 ans et plus,Hommes,194.0,59.2,
2020,53,Bretagne,65 ans et plus,Hommes et Femmes,566.0,73.7,
2020,53,Bretagne,Tous,Femmes,2808.0,161.9,163.9
2020,53,Bretagne,Tous,Hommes,1965.0,119.8,121.5
2020,53,Bretagne,Tous,Hommes et Femmes,4773.0,141.5,143.4
2020,24,Centre-Val de Loire,00-10 ans,Femmes,1.25,0.8,
2020,24,Centre-Val de Loire,00-10 ans,Hommes,1.25,0.8,
2020,24,Centre-Val de Loire,00-10 ans,Hommes et Femmes,5.0,1.6,
2020,24,Centre-Val de Loire,11-17 ans,Femmes,288.75,264.7,
2020,24,Centre-Val de Loire,11-17 ans,Hommes,60.75,52.5,
2020,24,Centre-Val de Loire,11-17 ans,Hommes et Femmes,352.0,156.5,
2020,24,Centre-Val de Loire,18-24 ans,Femmes,259.0,281.8,
2020,24,Centre-Val de Loire,18-24 ans,Hommes,111.0,113.0,
2020,24,Centre-Val de Loire,18-24 ans,Hommes et Femmes,370.0,194.6,
2020,24,Centre-Val de Loire,25-44 ans,Femmes,427.0,147.9,
2020,24,Centre-Val de Loire,25-44 ans,Hommes,365.0,130.0,
2020,24,Centre-Val de Loire,25-44 ans,Hommes et Femmes,792.0,139.1,
2020,24,Centre-Val de Loire,45-64 ans,Femmes,537.0,154.5,
2020,24,Centre-Val de Loire,45-64 ans,Hommes,362.0,108.2,
2020,24,Centre-Val de Loire,45-64 ans,Hommes et Femmes,899.0,131.8,
2020,24,Centre-Val de Loire,65 ans et plus,Femmes,244.0,73.4,
2020,24,Centre-Val de Loire,65 ans et plus,Hommes,169.0,65.7,
2020,24,Centre-Val de Loire,65 ans et plus,Hommes et Femmes,413.0,70.1,
2020,24,Centre-Val de Loire,Tous,Femmes,1760.0,132.8,135.5
2020,24,Centre-Val de Loire,Tous,Hommes,1071.0,85.7,87.1
2020,24,Centre-Val de Loire,Tous,Hommes et Femmes,2831.0,109.9,112.0
2020,94,Corse,00-10 ans,Femmes,0.0,0.0,
2020,94,Corse,00-10 ans,Hommes,2.5,12.8,
2020,94,Corse,00-10 ans,Hommes et Femmes,2.5,6.6,
2020,94,Corse,11-17 ans,Femmes,10.25,87.6,
2020,94,Corse,11-17 ans,Hommes,2.5,19.6,
2020,94,Corse,11-17 ans,Hommes et Femmes,11.0,45.0,
2020,94,Corse,18-24 ans,Femmes,10.0,90.8,
2020,94,Corse,18-24 ans,Hommes,2.5,21.4,
2020,94,Corse,18-24 ans,Hommes et Femmes,12.5,55.1,
2020,94,Corse,25-44 ans,Femmes,32.0,75.4,
2020,94,Corse,25-44 ans,Hommes,23.0,57.8,
2020,94,Corse,25-44 ans,Hommes et Femmes,55.0,66.9,
2020,94,Corse,45-64 ans,Femmes,39.0,81.6,
2020,94,Corse,45-64 ans,Hommes,17.0,37.1,
2020,94,Corse,45-64 ans,Hommes et Femmes,56.0,59.8,
2020,94,Corse,65 ans et plus,Femmes,15.0,33.3,
2020,94,Corse,65 ans et plus,Hommes,8.5,22.7,
2020,94,Corse,65 ans et plus,Hommes et Femmes,23.5,28.5,
2020,94,Corse,Tous,Femmes,104.5,59.2,59.8
2020,94,Corse,Tous,Hommes,56.5,33.8,33.1
2020,94,Corse,Tous,Hommes et Femmes,161.0,46.8,46.8
2020,44,Grand Est,00-10 ans,Femmes,10.0,3.0,
2020,44,Grand Est,00-10 ans,Hommes,15.25,4.4,
2020,44,Grand Est,00-10 ans,Hommes et Femmes,25.25,3.7,
2020,44,Grand Est,11-17 ans,Femmes,646.0,284.9,
2020,44,Grand Est,11-17 ans,Hommes,194.25,81.3,
2020,44,Grand Est,11-17 ans,Hommes et Femmes,840.25,180.4,
2020,44,Grand Est,18-24 ans,Femmes,404.0,184.5,
2020,44,Grand Est,18-24 ans,Hommes,254.0,107.4,
2020,44,Grand Est,18-24 ans,Hommes et Femmes,658.0,144.5,
2020,44,Grand Est,25-44 ans,Femmes,817.0,122.8,
2020,44,Grand Est,25-44 ans,Hommes,903.0,137.2,
2020,44,Grand Est,25-44 ans,Hommes et Femmes,1720.0,130.0,
2020,44,Grand Est,45-64 ans,Femmes,996.0,130.9,
2020,44,Grand Est,45-64 ans,Hommes,715.0,97.3,
2020,44,Grand Est,45-64 ans,Hommes et Femmes,1711.0,114.4,
2020,44,Grand Est,65 ans et plus,Femmes,398.0,61.2,
2020,44,Grand Est,65 ans et plus,Hommes,267.0,53.5,
2020,44,Grand Est,65 ans et plus,Hommes et Femmes,665.0,57.9,
2020,44,Grand Est,Tous,Femmes,3271.0,114.8,114.9
2020,44,Grand Est,Tous,Hommes,2345.5,86.5,86.1
2020,44,Grand Est,Tous,Hommes et Femmes,5616.5,101.0,101.0
2020,1,Guadeloupe,00-10 ans,Femmes,1.25,5.4,
2020,1,Guadeloupe,00-10 ans,Hommes,0.0,0.0,
2020,1,Guadeloupe,00-10 ans,Hommes et Femmes,1.25,2.7,
2020,1,Guadeloupe,11-17 ans,Femmes,8.75,48.3,
2020,1,Guadeloupe,11-17 ans,Hommes,2.5,13.3,
2020,1,Guadeloupe,11-17 ans,Hommes et Femmes,11.25,30.4,
2020,1,Guadeloupe,18-24 ans,Femmes,2.5,17.8,
2020,1,Guadeloupe,18-24 ans,Hommes,6.0,41.6,
2020,1,Guadeloupe,18-24 ans,Hommes et Femmes,8.5,29.8,
2020,1,Guadeloupe,25-44 ans,Femmes,6.0,13.5,
2020,1,Guadeloupe,25-44 ans,Hommes,13.0,40.3,
2020,1,Guadeloupe,25-44 ans,Hommes et Femmes,19.0,24.8,
2020,1,Guadeloupe,45-64 ans,Femmes,10.0,15.5,
2020,1,Guadeloupe,45-64 ans,Hommes,10.0,19.0,
2020,1,Guadeloupe,45-64 ans,Hommes et Femmes,20.0,17.1,
2020,1,Guadeloupe,65 ans et plus,Femmes,6.0,13.6,
2020,1,Guadeloupe,65 ans et plus,Hommes,7.0,20.9,
2020,1,Guadeloupe,65 ans et plus,Hommes et Femmes,13.0,16.7,
2020,1,Guadeloupe,Tous,Femmes,35.5,17.0,17.6
2020,1,Guadeloupe,Tous,Hommes,38.5,22.0,24.3
2020,1,Guadeloupe,Tous,Hommes et Femmes,77.0,20.1,20.8
2020,3,Guyane,00-10 ans,Femmes,1.25,3.7,
2020,3,Guyane,00-10 ans,Hommes,0.0,0.0,
2020,3,Guyane,00-10 ans,Hommes et Femmes,1.25,1.9,
2020,3,Guyane,11-17 ans,Femmes,35.75,172.3,
2020,3,Guyane,11-17 ans,Hommes,7.0,33.8,
2020,3,Guyane,11-17 ans,Hommes et Femmes,42.75,103.1,
2020,3,Guyane,18-24 ans,Femmes,30.0,195.4,
2020,3,Guyane,18-24 ans,Hommes,8.0,54.0,
2020,3,Guyane,18-24 ans,Hommes et Femmes,38.0,126.0,
2020,3,Guyane,25-44 ans,Femmes,29.0,71.1,
2020,3,Guyane,25-44 ans,Hommes,15.0,42.4,
2020,3,Guyane,25-44 ans,Hommes et Femmes,44.0,57.8,
2020,3,Guyane,45-64 ans,Femmes,11.0,40.5,
2020,3,Guyane,45-64 ans,Hommes,12.0,46.7,
2020,3,Guyane,45-64 ans,Hommes et Femmes,23.0,43.5,
2020,3,Guyane,65 ans et plus,Femmes,2.5,27.5,
2020,3,Guyane,65 ans et plus,Hommes,2.5,30.4,
2020,3,Guyane,65 ans et plus,Hommes et Femmes,5.0,28.9,
2020,3,Guyane,Tous,Femmes,112.5,76.7,60.7
2020,3,Guyane,Tous,Hommes,44.5,32.1,39.5
2020,3,Guyane,Tous,Hommes et Femmes,157.0,55.1,50.4
2020,32,Hauts de France,00-10 ans,Femmes,13.0,3.3,
2020,32,Hauts de France,00-10 ans,Hommes,35.0,8.4,
2020,32,Hauts de France,00-10 ans,Hommes et Femmes,48.0,5.9,
2020,32,Hauts de France,11-17 ans,Femmes,1065.0,387.7,
2020,32,Hauts de France,11-17 ans,Hommes,290.0,100.9,
2020,32,Hauts de France,11-17 ans,Hommes et Femmes,1355.0,241.0,
2020,32,Hauts de France,18-24 ans,Femmes,903.0,353.6,
2020,32,Hauts de France,18-24 ans,Hommes,591.0,222.2,
2020,32,Hauts de France,18-24 ans,Hommes et Femmes,1494.0,286.5,
2020,32,Hauts de France,25-44 ans,Femmes,1604.0,217.5,
2020,32,Hauts de France,25-44 ans,Hommes,1844.0,256.5,
2020,32,Hauts de France,25-44 ans,Hommes et Femmes,3448.0,236.8,
2020,32,Hauts de France,45-64 ans,Femmes,1886.0,242.0,
2020,32,Hauts de France,45-64 ans,Hommes,1474.0,197.0,
2020,32,Hauts de France,45-64 ans,Hommes et Femmes,3360.0,219.9,
2020,32,Hauts de France,65 ans et plus,Femmes,666.0,103.1,
2020,32,Hauts de France,65 ans et plus,Hommes,365.0,78.1,
2020,32,Hauts de France,65 ans et plus,Hommes et Femmes,1031.0,92.6,
2020,32,Hauts de France,Tous,Femmes,6137.0,198.5,197.0
2020,32,Hauts de France,Tous,Hommes,4599.0,158.2,158.0
2020,32,Hauts de France,Tous,Hommes et Femmes,10736.0,179.0,178.1
2020,11,Ile-de-France,00-10 ans,Femmes,27.0,3.2,
2020,11,Ile-de-France,00-10 ans,Hommes,39.75,4.5,
2020,11,Ile-de-France,00-10 ans,Hommes et Femmes,66.75,3.8,
2020,11,Ile-de-France,11-17 ans,Femmes,947.0,178.4,
2020,11,Ile-de-France,11-17 ans,Hommes,199.0,36.0,
2020,11,Ile-de-France,11-17 ans,Hommes et Femmes,1146.0,105.7,
2020,11,Ile-de-France,18-24 ans,Femmes,732.0,134.3,
2020,11,Ile-de-France,18-24 ans,Hommes,344.0,63.7,
2020,11,Ile-de-France,18-24 ans,Hommes et Femmes,1076.0,99.2,
2020,11,Ile-de-France,25-44 ans,Femmes,1168.0,65.7,
2020,11,Ile-de-France,25-44 ans,Hommes,935.0,55.9,
2020,11,Ile-de-France,25-44 ans,Hommes et Femmes,2103.0,60.9,
2020,11,Ile-de-France,45-64 ans,Femmes,1243.0,79.8,
2020,11,Ile-de-France,45-64 ans,Hommes,866.0,59.0,
2020,11,Ile-de-France,45-64 ans,Hommes et Femmes,2109.0,69.7,
2020,11,Ile-de-France,65 ans et plus,Femmes,618.0,57.3,
2020,11,Ile-de-France,65 ans et plus,Hommes,346.0,42.9,
2020,11,Ile-de-France,65 ans et plus,Hommes et Femmes,964.0,51.1,
2020,11,Ile-de-France,Tous,Femmes,4735.0,74.6,74.7
2020,11,Ile-de-France,Tous,Hommes,2729.75,46.0,46.5
2020,11,Ile-de-France,Tous,Hommes et Femmes,7464.75,60.8,61.0
2020,4,La Réunion,00-10 ans,Femmes,5.0,7.4,
2020,4,La Réunion,00-10 ans,Hommes,1.25,1.8,
2020,4,La Réunion,00-10 ans,Hommes et Femmes,6.25,4.6,
2020,4,La Réunion,11-17 ans,Femmes,151.0,320.4,
2020,4,La Réunion,11-17 ans,Hommes,32.75,66.8,
2020,4,La Réunion,11-17 ans,Hommes et Femmes,183.75,191.1,
2020,4,La Réunion,18-24 ans,Femmes,84.0,222.9,
2020,4,La Réunion,18-24 ans,Hommes,36.0,96.2,
2020,4,La Réunion,18-24 ans,Hommes et Femmes,120.0,159.7,
2020,4,La Réunion,25-44 ans,Femmes,181.0,155.9,
2020,4,La Réunion,25-44 ans,Hommes,152.0,158.4,
2020,4,La Réunion,25-44 ans,Hommes et Femmes,333.0,157.0,
2020,4,La Réunion,45-64 ans,Femmes,133.0,110.2,
2020,4,La Réunion,45-64 ans,Hommes,131.0,117.1,
2020,4,La Réunion,45-64 ans,Hommes et Femmes,264.0,113.5,
2020,4,La Réunion,65 ans et plus,Femmes,39.0,62.7,
2020,4,La Réunion,65 ans et plus,Hommes,26.0,53.3,
2020,4,La Réunion,65 ans et plus,Hommes et Femmes,65.0,58.5,
2020,4,La Réunion,Tous,Femmes,593.0,131.5,124.3
2020,4,La Réunion,Tous,Hommes,381.0,92.5,94.2
2020,4,La Réunion,Tous,Hommes et Femmes,974.0,112.9,109.7
2020,2,Martinique,00-10 ans,Femmes,1.25,6.3,
2020,2,Martinique,00-10 ans,Hommes,1.25,6.2,
2020,2,Martinique,00-10 ans,Hommes et Femmes,2.5,6.3,
2020,2,Martinique,11-17 ans,Femmes,15.75,104.1,
2020,2,Martinique,11-17 ans,Hommes,9.75,62.2,
2020,2,Martinique,11-17 ans,Hommes et Femmes,28.0,90.9,
2020,2,Martinique,18-24 ans,Femmes,10.0,79.6,
2020,2,Martinique,18-24 ans,Hommes,8.0,61.6,
2020,2,Martinique,18-24 ans,Hommes et Femmes,18.0,70.4,
2020,2,Martinique,25-44 ans,Femmes,32.0,79.5,
2020,2,Martinique,25-44 ans,Hommes,27.0,89.3,
2020,2,Martinique,25-44 ans,Hommes et Femmes,59.0,83.7,
2020,2,Martinique,45-64 ans,Femmes,28.0,44.0,
2020,2,Martinique,45-64 ans,Hommes,61.0,117.6,
2020,2,Martinique,45-64 ans,Hommes et Femmes,89.0,77.1,
2020,2,Martinique,65 ans et plus,Femmes,8.0,17.9,
2020,2,Martinique,65 ans et plus,Hommes,28.0,81.7,
2020,2,Martinique,65 ans et plus,Hommes et Femmes,36.0,45.5,
2020,2,Martinique,Tous,Femmes,96.0,48.9,50.3
2020,2,Martinique,Tous,Hommes,138.0,83.6,81.4
2020,2,Martinique,Tous,Hommes et Femmes,234.0,64.8,65.4
2020,6,Mayotte,00-10 ans,Femmes,0.0,0.0,
2020,6,Mayotte,00-10 ans,Hommes,2.5,5.4,
2020,6,Mayotte,00-10 ans,Hommes et Femmes,2.5,2.7,
2020,6,Mayotte,11-17 ans,Femmes,2.5,10.0,
2020,6,Mayotte,11-17 ans,Hommes,0.0,0.0,
2020,6,Mayotte,11-17 ans,Hommes et Femmes,2.5,5.1,
2020,6,Mayotte,18-24 ans,Femmes,2.5,16.7,
2020,6,Mayotte,18-24 ans,Hommes,2.5,21.1,
2020,6,Mayotte,18-24 ans,Hommes et Femmes,5.0,18.6,
2020,6,Mayotte,25-44 ans,Femmes,2.5,6.1,
2020,6,Mayotte,25-44 ans,Hommes,2.5,8.1,
2020,6,Mayotte,25-44 ans,Hommes et Femmes,5.0,7.0,
2020,6,Mayotte,45-64 ans,Femmes,0.0,0.0,
2020,6,Mayotte,45-64 ans,Hommes,2.5,15.0,
2020,6,Mayotte,45-64 ans,Hommes et Femmes,2.5,7.8,
2020,6,Mayotte,65 ans et plus,Femmes,0.0,0.0,
2020,6,Mayotte,65 ans et plus,Hommes,0.0,0.0,
2020,6,Mayotte,65 ans et plus,Hommes et Femmes,0.0,0.0,
2020,6,Mayotte,Tous,Femmes,6.0,4.1,3.0
2020,6,Mayotte,Tous,Hommes,5.0,3.8,4.1
2020,6,Mayotte,Tous,Hommes et Femmes,11.0,3.9,3.6
2020,28,Normandie,00-10 ans,Femmes,17.0,8.3,
2020,28,Normandie,00-10 ans,Hommes,19.0,8.9,
2020,28,Normandie,00-10 ans,Hommes et Femmes,36.0,8.6,
2020,28,Normandie,11-17 ans,Femmes,592.0,420.2,
2020,28,Normandie,11-17 ans,Hommes,124.0,82.1,
2020,28,Normandie,11-17 ans,Hommes et Femmes,716.0,245.2,
2020,28,Normandie,18-24 ans,Femmes,406.0,317.5,
2020,28,Normandie,18-24 ans,Hommes,238.0,176.4,
2020,28,Normandie,18-24 ans,Hommes et Femmes,644.0,245.0,
2020,28,Normandie,25-44 ans,Femmes,677.0,178.2,
2020,28,Normandie,25-44 ans,Hommes,698.0,187.3,
2020,28,Normandie,25-44 ans,Hommes et Femmes,1375.0,182.7,
2020,28,Normandie,45-64 ans,Femmes,778.0,174.2,
2020,28,Normandie,45-64 ans,Hommes,605.0,141.7,
2020,28,Normandie,45-64 ans,Hommes et Femmes,1383.0,158.3,
2020,28,Normandie,65 ans et plus,Femmes,336.0,80.6,
2020,28,Normandie,65 ans et plus,Hommes,210.0,67.5,
2020,28,Normandie,65 ans et plus,Hommes et Femmes,546.0,75.0,
2020,28,Normandie,Tous,Femmes,2806.0,163.5,165.7
2020,28,Normandie,Tous,Hommes,1894.0,117.7,119.2
2020,28,Normandie,Tous,Hommes et Femmes,4700.0,141.3,143.1
2020,75,Nouvelle Aquitaine,00-10 ans,Femmes,7.0,2.1,
2020,75,Nouvelle Aquitaine,00-10 ans,Hommes,21.25,6.2,
2020,75,Nouvelle Aquitaine,00-10 ans,Hommes et Femmes,28.25,4.2,
2020,75,Nouvelle Aquitaine,11-17 ans,Femmes,655.0,276.7,
2020,75,Nouvelle Aquitaine,11-17 ans,Hommes,179.25,71.8,
2020,75,Nouvelle Aquitaine,11-17 ans,Hommes et Femmes,834.25,171.6,
2020,75,Nouvelle Aquitaine,18-24 ans,Femmes,549.0,248.8,
2020,75,Nouvelle Aquitaine,18-24 ans,Hommes,296.5,127.1,
2020,75,Nouvelle Aquitaine,18-24 ans,Hommes et Femmes,845.5,186.3,
2020,75,Nouvelle Aquitaine,25-44 ans,Femmes,1010.0,149.6,
2020,75,Nouvelle Aquitaine,25-44 ans,Hommes,939.0,143.5,
2020,75,Nouvelle Aquitaine,25-44 ans,Hommes et Femmes,1949.0,146.6,
2020,75,Nouvelle Aquitaine,45-64 ans,Femmes,1258.0,150.4,
2020,75,Nouvelle Aquitaine,45-64 ans,Hommes,888.0,112.5,
2020,75,Nouvelle Aquitaine,45-64 ans,Hommes et Femmes,2146.0,132.0,
2020,75,Nouvelle Aquitaine,65 ans et plus,Femmes,594.0,71.5,
2020,75,Nouvelle Aquitaine,65 ans et plus,Hommes,372.0,58.6,
2020,75,Nouvelle Aquitaine,65 ans et plus,Hommes et Femmes,966.0,65.9,
2020,75,Nouvelle Aquitaine,Tous,Femmes,4073.0,130.2,132.8
2020,75,Nouvelle Aquitaine,Tous,Hommes,2694.0,92.7,93.6
2020,75,Nouvelle Aquitaine,Tous,Hommes et Femmes,6767.0,112.1,113.8
2020,76,Occitanie,00-10 ans,Femmes,12.25,3.6,
2020,76,Occitanie,00-10 ans,Hommes,11.0,3.1,
2020,76,Occitanie,00-10 ans,Hommes et Femmes,23.25,3.3,
2020,76,Occitanie,11-17 ans,Femmes,404.25,169.7,
2020,76,Occitanie,11-17 ans,Hommes,92.0,36.6,
2020,76,Occitanie,11-17 ans,Hommes et Femmes,496.25,101.3,
2020,76,Occitanie,18-24 ans,Femmes,383.0,164.7,
2020,76,Occitanie,18-24 ans,Hommes,226.5,92.9,
2020,76,Occitanie,18-24 ans,Hommes et Femmes,609.5,127.9,
2020,76,Occitanie,25-44 ans,Femmes,787.0,113.5,
2020,76,Occitanie,25-44 ans,Hommes,651.0,97.0,
2020,76,Occitanie,25-44 ans,Hommes et Femmes,1438.0,105.4,
2020,76,Occitanie,45-64 ans,Femmes,991.0,122.6,
2020,76,Occitanie,45-64 ans,Hommes,646.0,84.9,
2020,76,Occitanie,45-64 ans,Hommes et Femmes,1637.0,104.3,
2020,76,Occitanie,65 ans et plus,Femmes,444.0,57.5,
2020,76,Occitanie,65 ans et plus,Hommes,281.5,46.9,
2020,76,Occitanie,65 ans et plus,Hommes et Femmes,725.5,52.8,
2020,76,Occitanie,Tous,Femmes,3019.5,97.8,98.6
2020,76,Occitanie,Tous,Hommes,1909.0,66.1,66.4
2020,76,Occitanie,Tous,Hommes et Femmes,4929.5,82.5,83.0
2020,93,PACA,00-10 ans,Femmes,11.0,3.7,
2020,93,PACA,00-10 ans,Hommes,12.25,3.9,
2020,93,PACA,00-10 ans,Hommes et Femmes,23.25,3.8,
2020,93,PACA,11-17 ans,Femmes,439.0,221.7,
2020,93,PACA,11-17 ans,Hommes,124.25,59.5,
2020,93,PACA,11-17 ans,Hommes et Femmes,563.25,138.4,
2020,93,PACA,18-24 ans,Femmes,290.0,155.7,
2020,93,PACA,18-24 ans,Hommes,172.5,88.3,
2020,93,PACA,18-24 ans,Hommes et Femmes,462.5,121.2,
2020,93,PACA,25-44 ans,Femmes,596.0,99.5,
2020,93,PACA,25-44 ans,Hommes,528.0,93.6,
2020,93,PACA,25-44 ans,Hommes et Femmes,1124.0,96.6,
2020,93,PACA,45-64 ans,Femmes,914.0,130.7,
2020,93,PACA,45-64 ans,Hommes,546.0,85.1,
2020,93,PACA,45-64 ans,Hommes et Femmes,1460.0,108.9,
2020,93,PACA,65 ans et plus,Femmes,501.0,73.4,
2020,93,PACA,65 ans et plus,Hommes,271.0,52.7,
2020,93,PACA,65 ans et plus,Hommes et Femmes,772.0,64.5,
2020,93,PACA,Tous,Femmes,2751.0,103.3,104.7
2020,93,PACA,Tous,Hommes,1653.0,67.8,68.5
2020,93,PACA,Tous,Hommes et Femmes,4404.0,86.4,87.2
2020,52,Pays de la Loire,00-10 ans,Femmes,6.0,2.5,
2020,52,Pays de la Loire,00-10 ans,Hommes,10.0,4.0,
2020,52,Pays de la Loire,00-10 ans,Hommes et Femmes,16.0,3.2,
2020,52,Pays de la Loire,11-17 ans,Femmes,455.0,264.4,
2020,52,Pays de la Loire,11-17 ans,Hommes,117.0,64.8,
2020,52,Pays de la Loire,11-17 ans,Hommes et Femmes,572.0,162.2,
2020,52,Pays de la Loire,18-24 ans,Femmes,243.0,162.3,
2020,52,Pays de la Loire,18-24 ans,Hommes,179.0,112.3,
2020,52,Pays de la Loire,18-24 ans,Hommes et Femmes,422.0,136.5,
2020,52,Pays de la Loire,25-44 ans,Femmes,410.0,92.0,
2020,52,Pays de la Loire,25-44 ans,Hommes,514.0,116.2,
2020,52,Pays de la Loire,25-44 ans,Hommes et Femmes,924.0,104.1,
2020,52,Pays de la Loire,45-64 ans,Femmes,595.0,119.6,
2020,52,Pays de la Loire,45-64 ans,Hommes,466.0,96.4,
2020,52,Pays de la Loire,45-64 ans,Hommes et Femmes,1061.0,108.2,
2020,52,Pays de la Loire,65 ans et plus,Femmes,260.0,56.6,
2020,52,Pays de la Loire,65 ans et plus,Hommes,182.0,52.1,
2020,52,Pays de la Loire,65 ans et plus,Hommes et Femmes,442.0,54.7,
2020,52,Pays de la Loire,Tous,Femmes,1969.0,100.2,100.1
2020,52,Pays de la Loire,Tous,Hommes,1468.0,78.6,79.4
2020,52,Pays de la Loire,Tous,Hommes et Femmes,3437.0,89.7,90.1
2019,84,Auvergne-Rhône-Alpes,00-10 ans,Femmes,7.0,1.4,
2019,84,Auvergne-Rhône-Alpes,00-10 ans,Hommes,14.25,2.6,
2019,84,Auvergne-Rhône-Alpes,00-10 ans,Hommes et Femmes,21.25,2.0,
2019,84,Auvergne-Rhône-Alpes,11-17 ans,Femmes,899.0,261.7,
2019,84,Auvergne-Rhône-Alpes,11-17 ans,Hommes,223.25,61.7,
2019,84,Auvergne-Rhône-Alpes,11-17 ans,Hommes et Femmes,1122.25,159.1,
2019,84,Auvergne-Rhône-Alpes,18-24 ans,Femmes,763.5,238.2,
2019,84,Auvergne-Rhône-Alpes,18-24 ans,Hommes,424.0,126.9,
2019,84,Auvergne-Rhône-Alpes,18-24 ans,Hommes et Femmes,1187.5,181.4,
2019,84,Auvergne-Rhône-Alpes,25-44 ans,Femmes,1347.0,136.2,
2019,84,Auvergne-Rhône-Alpes,25-44 ans,Hommes,1217.0,125.9,
2019,84,Auvergne-Rhône-Alpes,25-44 ans,Hommes et Femmes,2564.0,131.1,
2019,84,Auvergne-Rhône-Alpes,45-64 ans,Femmes,1534.0,145.8,
2019,84,Auvergne-Rhône-Alpes,45-64 ans,Hommes,1097.0,107.9,
2019,84,Auvergne-Rhône-Alpes,45-64 ans,Hommes et Femmes,2631.0,127.2,
2019,84,Auvergne-Rhône-Alpes,65 ans et plus,Femmes,595.0,65.4,
2019,84,Auvergne-Rhône-Alpes,65 ans et plus,Hommes,376.0,54.3,
2019,84,Auvergne-Rhône-Alpes,65 ans et plus,Hommes et Femmes,971.0,60.6,
2019,84,Auvergne-Rhône-Alpes,Tous,Femmes,5145.5,124.6,124.9
2019,84,Auvergne-Rhône-Alpes,Tous,Hommes,3347.5,85.6,85.9
2019,84,Auvergne-Rhône-Alpes,Tous,Hommes et Femmes,8495.0,105.6,106.0
2019,27,Bourgogne-Franche-Comté,00-10 ans,Femmes,12.0,7.3,
2019,27,Bourgogne-Franche-Comté,00-10 ans,Hommes,7.25,4.2,
2019,27,Bourgogne-Franche-Comté,00-10 ans,Hommes et Femmes,19.25,5.7,
2019,27,Bourgogne-Franche-Comté,11-17 ans,Femmes,420.0,362.0,
2019,27,Bourgogne-Franche-Comté,11-17 ans,Hommes,131.25,106.4,
2019,27,Bourgogne-Franche-Comté,11-17 ans,Hommes et Femmes,551.25,230.3,
2019,27,Bourgogne-Franche-Comté,18-24 ans,Femmes,316.0,312.3,
2019,27,Bourgogne-Franche-Comté,18-24 ans,Hommes,177.0,160.8,
2019,27,Bourgogne-Franche-Comté,18-24 ans,Hommes et Femmes,493.0,233.4,
2019,27,Bourgogne-Franche-Comté,25-44 ans,Femmes,614.0,197.2,
2019,27,Bourgogne-Franche-Comté,25-44 ans,Hommes,547.0,176.6,
2019,27,Bourgogne-Franche-Comté,25-44 ans,Hommes et Femmes,1161.0,186.9,
2019,27,Bourgogne-Franche-Comté,45-64 ans,Femmes,809.0,211.7,
2019,27,Bourgogne-Franche-Comté,45-64 ans,Hommes,516.0,139.8,
2019,27,Bourgogne-Franche-Comté,45-64 ans,Hommes et Femmes,1325.0,176.4,
2019,27,Bourgogne-Franche-Comté,65 ans et plus,Femmes,245.0,67.0,
2019,27,Bourgogne-Franche-Comté,65 ans et plus,Hommes,137.0,48.5,
2019,27,Bourgogne-Franche-Comté,65 ans et plus,Hommes et Femmes,382.0,59.0,
2019,27,Bourgogne-Franche-Comté,Tous,Femmes,2416.0,167.8,171.2
2019,27,Bourgogne-Franche-Comté,Tous,Hommes,1512.5,110.7,112.6
2019,27,Bourgogne-Franche-Comté,Tous,Hommes et Femmes,3928.5,140.0,142.8
2019,53,Bretagne,00-10 ans,Femmes,5.0,2.5,
2019,53,Bretagne,00-10 ans,Hommes,1.25,0.6,
2019,53,Bretagne,00-10 ans,Hommes et Femmes,6.25,1.5,
2019,53,Bretagne,11-17 ans,Femmes,405.0,281.5,
2019,53,Bretagne,11-17 ans,Hommes,110.75,73.1,
2019,53,Bretagne,11-17 ans,Hommes et Femmes,515.75,174.6,
2019,53,Bretagne,18-24 ans,Femmes,354.0,280.9,
2019,53,Bretagne,18-24 ans,Hommes,224.0,164.1,
2019,53,Bretagne,18-24 ans,Hommes et Femmes,578.0,220.2,
2019,53,Bretagne,25-44 ans,Femmes,764.0,205.1,
2019,53,Bretagne,25-44 ans,Hommes,759.0,203.0,
2019,53,Bretagne,25-44 ans,Hommes et Femmes,1523.0,204.1,
2019,53,Bretagne,45-64 ans,Femmes,1015.0,224.8,
2019,53,Bretagne,45-64 ans,Hommes,685.0,155.1,
2019,53,Bretagne,45-64 ans,Hommes et Femmes,1700.0,190.4,
2019,53,Bretagne,65 ans et plus,Femmes,380.0,87.9,
2019,53,Bretagne,65 ans et plus,Hommes,214.0,67.1,
2019,53,Bretagne,65 ans et plus,Hommes et Femmes,594.0,79.1,
2019,53,Bretagne,Tous,Femmes,2923.0,169.5,171.6
2019,53,Bretagne,Tous,Hommes,1995.0,122.4,123.5
2019,53,Bretagne,Tous,Hommes et Femmes,4918.0,146.6,148.3
2019,24,Centre-Val de Loire,00-10 ans,Femmes,1.25,0.8,
2019,24,Centre-Val de Loire,00-10 ans,Hommes,6.0,3.6,
2019,24,Centre-Val de Loire,00-10 ans,Hommes et Femmes,7.25,2.2,
2019,24,Centre-Val de Loire,11-17 ans,Femmes,290.75,265.3,
2019,24,Centre-Val de Loire,11-17 ans,Hommes,89.0,77.0,
2019,24,Centre-Val de Loire,11-17 ans,Hommes et Femmes,379.75,168.6,
2019,24,Centre-Val de Loire,18-24 ans,Femmes,245.0,269.2,
2019,24,Centre-Val de Loire,18-24 ans,Hommes,129.0,132.9,
2019,24,Centre-Val de Loire,18-24 ans,Hommes et Femmes,374.0,198.8,
2019,24,Centre-Val de Loire,25-44 ans,Femmes,497.0,171.0,
2019,24,Centre-Val de Loire,25-44 ans,Hommes,398.0,140.8,
2019,24,Centre-Val de Loire,25-44 ans,Hommes et Femmes,895.0,156.1,
2019,24,Centre-Val de Loire,45-64 ans,Femmes,608.0,174.3,
2019,24,Centre-Val de Loire,45-64 ans,Hommes,369.0,109.8,
2019,24,Centre-Val de Loire,45-64 ans,Hommes et Femmes,977.0,142.7,
2019,24,Centre-Val de Loire,65 ans et plus,Femmes,261.0,79.9,
2019,24,Centre-Val de Loire,65 ans et plus,Hommes,188.0,74.5,
2019,24,Centre-Val de Loire,65 ans et plus,Hommes et Femmes,449.0,77.6,
2019,24,Centre-Val de Loire,Tous,Femmes,1906.0,143.8,146.6
2019,24,Centre-Val de Loire,Tous,Hommes,1179.0,94.5,96.0
2019,24,Centre-Val de Loire,Tous,Hommes et Femmes,3085.0,119.9,122.1
2019,94,Corse,00-10 ans,Femmes,1.25,6.8,
2019,94,Corse,00-10 ans,Hommes,0.0,0.0,
2019,94,Corse,00-10 ans,Hommes et Femmes,1.25,3.3,
2019,94,Corse,11-17 ans,Femmes,9.75,82.6,
2019,94,Corse,11-17 ans,Hommes,2.5,19.7,
2019,94,Corse,11-17 ans,Hommes et Femmes,12.25,50.1,
2019,94,Corse,18-24 ans,Femmes,18.0,166.3,
2019,94,Corse,18-24 ans,Hommes,12.5,107.4,
2019,94,Corse,18-24 ans,Hommes et Femmes,30.5,135.8,
2019,94,Corse,25-44 ans,Femmes,32.0,75.5,
2019,94,Corse,25-44 ans,Hommes,18.0,45.5,
2019,94,Corse,25-44 ans,Hommes et Femmes,50.0,61.0,
2019,94,Corse,45-64 ans,Femmes,40.0,84.9,
2019,94,Corse,45-64 ans,Hommes,28.0,61.3,
2019,94,Corse,45-64 ans,Hommes et Femmes,68.0,73.3,
2019,94,Corse,65 ans et plus,Femmes,18.0,40.7,
2019,94,Corse,65 ans et plus,Hommes,8.5,23.5,
2019,94,Corse,65 ans et plus,Hommes et Femmes,26.5,33.0,
2019,94,Corse,Tous,Femmes,120.0,68.7,70.2
2019,94,Corse,Tous,Hommes,67.5,40.7,40.0
2019,94,Corse,Tous,Hommes et Femmes,187.5,55.1,55.6
2019,44,Grand Est,00-10 ans,Femmes,22.0,6.6,
2019,44,Grand Est,00-10 ans,Hommes,30.0,8.6,
2019,44,Grand Est,00-10 ans,Hommes et Femmes,52.0,7.6,
2019,44,Grand Est,11-17 ans,Femmes,709.0,312.5,
2019,44,Grand Est,11-17 ans,Hommes,194.0,81.3,
2019,44,Grand Est,11-17 ans,Hommes et Femmes,903.0,194.0,
2019,44,Grand Est,18-24 ans,Femmes,470.0,215.1,
2019,44,Grand Est,18-24 ans,Hommes,322.0,137.6,
2019,44,Grand Est,18-24 ans,Hommes et Femmes,792.0,175.0,
2019,44,Grand Est,25-44 ans,Femmes,970.0,145.4,
2019,44,Grand Est,25-44 ans,Hommes,930.0,140.5,
2019,44,Grand Est,25-44 ans,Hommes et Femmes,1900.0,142.9,
2019,44,Grand Est,45-64 ans,Femmes,1142.0,149.1,
2019,44,Grand Est,45-64 ans,Hommes,863.0,116.8,
2019,44,Grand Est,45-64 ans,Hommes et Femmes,2005.0,133.2,
2019,44,Grand Est,65 ans et plus,Femmes,439.0,69.0,
2019,44,Grand Est,65 ans et plus,Hommes,247.0,50.7,
2019,44,Grand Est,65 ans et plus,Hommes et Femmes,686.0,61.1,
2019,44,Grand Est,Tous,Femmes,3752.0,131.8,131.8
2019,44,Grand Est,Tous,Hommes,2586.0,95.4,94.7
2019,44,Grand Est,Tous,Hommes et Femmes,6338.0,114.1,113.8
2019,1,Guadeloupe,00-10 ans,Femmes,0.0,0.0,
2019,1,Guadeloupe,00-10 ans,Hommes,2.5,10.7,
2019,1,Guadeloupe,00-10 ans,Hommes et Femmes,2.5,5.3,
2019,1,Guadeloupe,11-17 ans,Femmes,5.0,26.3,
2019,1,Guadeloupe,11-17 ans,Hommes,2.5,12.8,
2019,1,Guadeloupe,11-17 ans,Hommes et Femmes,7.5,19.4,
2019,1,Guadeloupe,18-24 ans,Femmes,5.0,35.1,
2019,1,Guadeloupe,18-24 ans,Hommes,2.5,16.8,
2019,1,Guadeloupe,18-24 ans,Hommes et Femmes,7.5,25.8,
2019,1,Guadeloupe,25-44 ans,Femmes,15.0,33.5,
2019,1,Guadeloupe,25-44 ans,Hommes,7.0,21.1,
2019,1,Guadeloupe,25-44 ans,Hommes et Femmes,22.0,28.2,
2019,1,Guadeloupe,45-64 ans,Femmes,12.0,18.7,
2019,1,Guadeloupe,45-64 ans,Hommes,8.0,15.2,
2019,1,Guadeloupe,45-64 ans,Hommes et Femmes,20.0,17.1,
2019,1,Guadeloupe,65 ans et plus,Femmes,0.0,0.0,
2019,1,Guadeloupe,65 ans et plus,Hommes,5.0,15.5,
2019,1,Guadeloupe,65 ans et plus,Hommes et Femmes,5.0,6.7,
2019,1,Guadeloupe,Tous,Femmes,37.0,17.7,17.6
2019,1,Guadeloupe,Tous,Hommes,28.0,15.9,16.3
2019,1,Guadeloupe,Tous,Hommes et Femmes,65.0,16.9,17.0
2019,3,Guyane,00-10 ans,Femmes,1.25,3.7,
2019,3,Guyane,00-10 ans,Hommes,1.25,3.7,
2019,3,Guyane,00-10 ans,Hommes et Femmes,2.5,3.7,
2019,3,Guyane,11-17 ans,Femmes,42.75,209.5,
2019,3,Guyane,11-17 ans,Hommes,5.75,28.2,
2019,3,Guyane,11-17 ans,Hommes et Femmes,51.0,125.0,
2019,3,Guyane,18-24 ans,Femmes,27.0,179.5,
2019,3,Guyane,18-24 ans,Hommes,13.0,89.7,
2019,3,Guyane,18-24 ans,Hommes et Femmes,40.0,135.5,
2019,3,Guyane,25-44 ans,Femmes,27.0,66.3,
2019,3,Guyane,25-44 ans,Hommes,15.0,42.2,
2019,3,Guyane,25-44 ans,Hommes et Femmes,42.0,55.1,
2019,3,Guyane,45-64 ans,Femmes,11.0,42.0,
2019,3,Guyane,45-64 ans,Hommes,13.0,50.9,
2019,3,Guyane,45-64 ans,Hommes et Femmes,24.0,46.4,
2019,3,Guyane,65 ans et plus,Femmes,2.5,28.9,
2019,3,Guyane,65 ans et plus,Hommes,2.5,32.5,
2019,3,Guyane,65 ans et plus,Hommes et Femmes,5.0,30.6,
2019,3,Guyane,Tous,Femmes,112.5,77.9,63.9
2019,3,Guyane,Tous,Hommes,51.5,37.5,42.2
2019,3,Guyane,Tous,Hommes et Femmes,164.5,58.4,53.4
2019,32,Hauts de France,00-10 ans,Femmes,20.0,4.9,
2019,32,Hauts de France,00-10 ans,Hommes,35.0,8.3,
2019,32,Hauts de France,00-10 ans,Hommes et Femmes,55.0,6.6,
2019,32,Hauts de France,11-17 ans,Femmes,1388.0,506.3,
2019,32,Hauts de France,11-17 ans,Hommes,374.0,130.5,
2019,32,Hauts de France,11-17 ans,Hommes et Femmes,1762.0,314.3,
2019,32,Hauts de France,18-24 ans,Femmes,990.0,389.8,
2019,32,Hauts de France,18-24 ans,Hommes,637.0,238.9,
2019,32,Hauts de France,18-24 ans,Hommes et Femmes,1627.0,312.5,
2019,32,Hauts de France,25-44 ans,Femmes,2007.0,270.1,
2019,32,Hauts de France,25-44 ans,Hommes,2130.0,293.3,
2019,32,Hauts de France,25-44 ans,Hommes et Femmes,4137.0,281.6,
2019,32,Hauts de France,45-64 ans,Femmes,2066.0,263.9,
2019,32,Hauts de France,45-64 ans,Hommes,1700.0,226.3,
2019,32,Hauts de France,45-64 ans,Hommes et Femmes,3766.0,245.5,
2019,32,Hauts de France,65 ans et plus,Femmes,712.0,112.1,
2019,32,Hauts de France,65 ans et plus,Hommes,358.0,78.5,
2019,32,Hauts de France,65 ans et plus,Hommes et Femmes,1070.0,98.1,
2019,32,Hauts de France,Tous,Femmes,7183.0,232.2,230.0
2019,32,Hauts de France,Tous,Hommes,5234.0,179.8,178.9
2019,32,Hauts de France,Tous,Hommes et Femmes,12417.0,206.8,205.2
2019,11,Ile-de-France,00-10 ans,Femmes,28.0,3.2,
2019,11,Ile-de-France,00-10 ans,Hommes,40.75,4.5,
2019,11,Ile-de-France,00-10 ans,Hommes et Femmes,68.75,3.9,
2019,11,Ile-de-France,11-17 ans,Femmes,1059.0,200.1,
2019,11,Ile-de-France,11-17 ans,Hommes,209.0,37.9,
2019,11,Ile-de-France,11-17 ans,Hommes et Femmes,1268.0,117.4,
2019,11,Ile-de-France,18-24 ans,Femmes,818.0,152.9,
2019,11,Ile-de-France,18-24 ans,Hommes,345.0,65.2,
2019,11,Ile-de-France,18-24 ans,Hommes et Femmes,1163.0,109.3,
2019,11,Ile-de-France,25-44 ans,Femmes,1414.0,78.8,
2019,11,Ile-de-France,25-44 ans,Hommes,1016.0,60.4,
2019,11,Ile-de-France,25-44 ans,Hommes et Femmes,2430.0,69.9,
2019,11,Ile-de-France,45-64 ans,Femmes,1435.0,92.2,
2019,11,Ile-de-France,45-64 ans,Hommes,1035.0,70.8,
2019,11,Ile-de-France,45-64 ans,Hommes et Femmes,2470.0,81.8,
2019,11,Ile-de-France,65 ans et plus,Femmes,606.0,57.3,
2019,11,Ile-de-France,65 ans et plus,Hommes,379.0,48.1,
2019,11,Ile-de-France,65 ans et plus,Hommes et Femmes,985.0,53.4,
2019,11,Ile-de-France,Tous,Femmes,5360.0,84.5,84.3
2019,11,Ile-de-France,Tous,Hommes,3024.75,51.1,51.9
2019,11,Ile-de-France,Tous,Hommes et Femmes,8384.75,68.4,68.6
2019,4,La Réunion,00-10 ans,Femmes,1.25,1.8,
2019,4,La Réunion,00-10 ans,Hommes,1.25,1.8,
2019,4,La Réunion,00-10 ans,Hommes et Femmes,2.5,1.8,
2019,4,La Réunion,11-17 ans,Femmes,169.75,359.8,
2019,4,La Réunion,11-17 ans,Hommes,37.75,75.4,
2019,4,La Réunion,11-17 ans,Hommes et Femmes,210.0,215.9,
2019,4,La Réunion,18-24 ans,Femmes,82.0,215.2,
2019,4,La Réunion,18-24 ans,Hommes,41.0,108.5,
2019,4,La Réunion,18-24 ans,Hommes et Femmes,123.0,162.0,
2019,4,La Réunion,25-44 ans,Femmes,171.0,146.9,
2019,4,La Réunion,25-44 ans,Hommes,157.0,161.8,
2019,4,La Réunion,25-44 ans,Hommes et Femmes,328.0,153.7,
2019,4,La Réunion,45-64 ans,Femmes,117.0,97.6,
2019,4,La Réunion,45-64 ans,Hommes,112.0,100.9,
2019,4,La Réunion,45-64 ans,Hommes et Femmes,229.0,99.2,
2019,4,La Réunion,65 ans et plus,Femmes,24.0,40.4,
2019,4,La Réunion,65 ans et plus,Hommes,23.0,49.9,
2019,4,La Réunion,65 ans et plus,Hommes et Femmes,47.0,44.5,
2019,4,La Réunion,Tous,Femmes,566.0,125.8,116.0
2019,4,La Réunion,Tous,Hommes,375.0,91.2,92.3
2019,4,La Réunion,Tous,Hommes et Femmes,941.0,109.3,104.5
2019,2,Martinique,00-10 ans,Femmes,0.0,0.0,
2019,2,Martinique,00-10 ans,Hommes,5.0,24.3,
2019,2,Martinique,00-10 ans,Hommes et Femmes,5.0,12.3,
2019,2,Martinique,11-17 ans,Femmes,37.0,232.9,
2019,2,Martinique,11-17 ans,Hommes,11.0,68.2,
2019,2,Martinique,11-17 ans,Hommes et Femmes,48.0,149.9,
2019,2,Martinique,18-24 ans,Femmes,10.0,78.2,
2019,2,Martinique,18-24 ans,Hommes,11.0,81.2,
2019,2,Martinique,18-24 ans,Hommes et Femmes,21.0,79.7,
2019,2,Martinique,25-44 ans,Femmes,34.0,83.3,
2019,2,Martinique,25-44 ans,Hommes,30.0,97.5,
2019,2,Martinique,25-44 ans,Hommes et Femmes,64.0,89.4,
2019,2,Martinique,45-64 ans,Femmes,20.0,31.2,
2019,2,Martinique,45-64 ans,Hommes,83.0,157.5,
2019,2,Martinique,45-64 ans,Hommes et Femmes,103.0,88.2,
2019,2,Martinique,65 ans et plus,Femmes,16.0,36.5,
2019,2,Martinique,65 ans et plus,Hommes,58.0,174.3,
2019,2,Martinique,65 ans et plus,Hommes et Femmes,74.0,95.9,
2019,2,Martinique,Tous,Femmes,117.0,59.2,61.6
2019,2,Martinique,Tous,Hommes,198.0,118.6,114.0
2019,2,Martinique,Tous,Hommes et Femmes,315.0,86.4,87.0
2019,6,Mayotte,00-10 ans,Femmes,0.0,0.0,
2019,6,Mayotte,00-10 ans,Hommes,0.0,0.0,
2019,6,Mayotte,00-10 ans,Hommes et Femmes,0.0,0.0,
2019,6,Mayotte,11-17 ans,Femmes,2.5,10.3,
2019,6,Mayotte,11-17 ans,Hommes,0.0,0.0,
2019,6,Mayotte,11-17 ans,Hommes et Femmes,2.5,5.3,
2019,6,Mayotte,18-24 ans,Femmes,2.5,17.3,
2019,6,Mayotte,18-24 ans,Hommes,2.5,21.9,
2019,6,Mayotte,18-24 ans,Hommes et Femmes,5.0,19.3,
2019,6,Mayotte,25-44 ans,Femmes,2.5,6.3,
2019,6,Mayotte,25-44 ans,Hommes,2.5,8.4,
2019,6,Mayotte,25-44 ans,Hommes et Femmes,5.0,7.2,
2019,6,Mayotte,45-64 ans,Femmes,0.0,0.0,
2019,6,Mayotte,45-64 ans,Hommes,2.5,15.6,
2019,6,Mayotte,45-64 ans,Hommes et Femmes,2.5,8.1,
2019,6,Mayotte,65 ans et plus,Femmes,0.0,0.0,
2019,6,Mayotte,65 ans et plus,Hommes,2.5,69.4,
2019,6,Mayotte,65 ans et plus,Hommes et Femmes,2.5,34.8,
2019,6,Mayotte,Tous,Femmes,8.0,5.7,3.7
2019,6,Mayotte,Tous,Hommes,6.0,4.7,10.1
2019,6,Mayotte,Tous,Hommes et Femmes,14.0,5.2,6.8
2019,28,Normandie,00-10 ans,Femmes,17.0,8.3,
2019,28,Normandie,00-10 ans,Hommes,16.0,7.5,
2019,28,Normandie,00-10 ans,Hommes et Femmes,33.0,7.9,
2019,28,Normandie,11-17 ans,Femmes,779.0,545.8,
2019,28,Normandie,11-17 ans,Hommes,204.0,134.0,
2019,28,Normandie,11-17 ans,Hommes et Femmes,983.0,333.3,
2019,28,Normandie,18-24 ans,Femmes,461.0,359.5,
2019,28,Normandie,18-24 ans,Hommes,260.0,193.2,
2019,28,Normandie,18-24 ans,Hommes et Femmes,721.0,274.3,
2019,28,Normandie,25-44 ans,Femmes,807.0,211.8,
2019,28,Normandie,25-44 ans,Hommes,794.0,212.6,
2019,28,Normandie,25-44 ans,Hommes et Femmes,1601.0,212.2,
2019,28,Normandie,45-64 ans,Femmes,942.0,209.5,
2019,28,Normandie,45-64 ans,Hommes,705.0,164.1,
2019,28,Normandie,45-64 ans,Hommes et Femmes,1647.0,187.3,
2019,28,Normandie,65 ans et plus,Femmes,347.0,84.5,
2019,28,Normandie,65 ans et plus,Hommes,191.0,62.6,
2019,28,Normandie,65 ans et plus,Hommes et Femmes,538.0,75.2,
2019,28,Normandie,Tous,Femmes,3353.0,195.3,197.2
2019,28,Normandie,Tous,Hommes,2170.0,134.9,136.3
2019,28,Normandie,Tous,Hommes et Femmes,5523.0,166.1,167.7
2019,75,Nouvelle Aquitaine,00-10 ans,Femmes,15.0,4.5,
2019,75,Nouvelle Aquitaine,00-10 ans,Hommes,14.25,4.1,
2019,75,Nouvelle Aquitaine,00-10 ans,Hommes et Femmes,29.25,4.3,
2019,75,Nouvelle Aquitaine,11-17 ans,Femmes,710.0,299.1,
2019,75,Nouvelle Aquitaine,11-17 ans,Hommes,218.25,87.2,
2019,75,Nouvelle Aquitaine,11-17 ans,Hommes et Femmes,928.25,190.3,
2019,75,Nouvelle Aquitaine,18-24 ans,Femmes,567.0,258.0,
2019,75,Nouvelle Aquitaine,18-24 ans,Hommes,377.5,164.0,
2019,75,Nouvelle Aquitaine,18-24 ans,Hommes et Femmes,944.5,209.9,
2019,75,Nouvelle Aquitaine,25-44 ans,Femmes,1089.0,161.1,
2019,75,Nouvelle Aquitaine,25-44 ans,Hommes,1032.0,157.4,
2019,75,Nouvelle Aquitaine,25-44 ans,Hommes et Femmes,2121.0,159.3,
2019,75,Nouvelle Aquitaine,45-64 ans,Femmes,1369.0,163.7,
2019,75,Nouvelle Aquitaine,45-64 ans,Hommes,924.0,117.2,
2019,75,Nouvelle Aquitaine,45-64 ans,Hommes et Femmes,2293.0,141.1,
2019,75,Nouvelle Aquitaine,65 ans et plus,Femmes,575.0,70.4,
2019,75,Nouvelle Aquitaine,65 ans et plus,Hommes,315.5,50.7,
2019,75,Nouvelle Aquitaine,65 ans et plus,Hommes et Femmes,890.5,61.9,
2019,75,Nouvelle Aquitaine,Tous,Femmes,4325.0,138.7,141.5
2019,75,Nouvelle Aquitaine,Tous,Hommes,2877.5,99.5,101.1
2019,75,Nouvelle Aquitaine,Tous,Hommes et Femmes,7202.5,119.8,121.9
2019,76,Occitanie,00-10 ans,Femmes,10.25,3.0,
2019,76,Occitanie,00-10 ans,Hommes,13.0,3.6,
2019,76,Occitanie,00-10 ans,Hommes et Femmes,23.25,3.3,
2019,76,Occitanie,11-17 ans,Femmes,444.25,187.5,
2019,76,Occitanie,11-17 ans,Hommes,111.0,44.4,
2019,76,Occitanie,11-17 ans,Hommes et Femmes,555.25,114.1,
2019,76,Occitanie,18-24 ans,Femmes,362.5,156.7,
2019,76,Occitanie,18-24 ans,Hommes,205.5,85.2,
2019,76,Occitanie,18-24 ans,Hommes et Femmes,568.0,120.2,
2019,76,Occitanie,25-44 ans,Femmes,824.0,119.3,
2019,76,Occitanie,25-44 ans,Hommes,674.0,100.6,
2019,76,Occitanie,25-44 ans,Hommes et Femmes,1498.0,110.1,
2019,76,Occitanie,45-64 ans,Femmes,1068.0,132.7,
2019,76,Occitanie,45-64 ans,Hommes,610.0,80.4,
2019,76,Occitanie,45-64 ans,Hommes et Femmes,1678.0,107.3,
2019,76,Occitanie,65 ans et plus,Femmes,485.0,64.0,
2019,76,Occitanie,65 ans et plus,Hommes,261.5,44.5,
2019,76,Occitanie,65 ans et plus,Hommes et Femmes,746.5,55.5,
2019,76,Occitanie,Tous,Femmes,3192.0,104.1,104.9
2019,76,Occitanie,Tous,Hommes,1875.0,65.4,65.7
2019,76,Occitanie,Tous,Hommes et Femmes,5067.0,85.4,85.9
2019,93,PACA,00-10 ans,Femmes,17.0,5.6,
2019,93,PACA,00-10 ans,Hommes,17.0,5.4,
2019,93,PACA,00-10 ans,Hommes et Femmes,34.0,5.5,
2019,93,PACA,11-17 ans,Femmes,499.0,250.5,
2019,93,PACA,11-17 ans,Hommes,104.0,49.7,
2019,93,PACA,11-17 ans,Hommes et Femmes,603.0,147.6,
2019,93,PACA,18-24 ans,Femmes,357.0,194.0,
2019,93,PACA,18-24 ans,Hommes,187.0,96.4,
2019,93,PACA,18-24 ans,Hommes et Femmes,544.0,143.9,
2019,93,PACA,25-44 ans,Femmes,730.0,121.8,
2019,93,PACA,25-44 ans,Hommes,602.0,106.4,
2019,93,PACA,25-44 ans,Hommes et Femmes,1332.0,114.3,
2019,93,PACA,45-64 ans,Femmes,977.0,139.6,
2019,93,PACA,45-64 ans,Hommes,624.0,97.6,
2019,93,PACA,45-64 ans,Hommes et Femmes,1601.0,119.5,
2019,93,PACA,65 ans et plus,Femmes,489.0,73.2,
2019,93,PACA,65 ans et plus,Hommes,289.0,57.5,
2019,93,PACA,65 ans et plus,Hommes et Femmes,778.0,66.4,
2019,93,PACA,Tous,Femmes,3069.0,115.7,117.8
2019,93,PACA,Tous,Hommes,1823.0,75.1,75.7
2019,93,PACA,Tous,Hommes et Femmes,4892.0,96.3,97.4
2019,52,Pays de la Loire,00-10 ans,Femmes,7.0,2.9,
2019,52,Pays de la Loire,00-10 ans,Hommes,9.0,3.5,
2019,52,Pays de la Loire,00-10 ans,Hommes et Femmes,16.0,3.2,
2019,52,Pays de la Loire,11-17 ans,Femmes,505.0,294.6,
2019,52,Pays de la Loire,11-17 ans,Hommes,143.0,79.4,
2019,52,Pays de la Loire,11-17 ans,Hommes et Femmes,648.0,184.3,
2019,52,Pays de la Loire,18-24 ans,Femmes,274.0,184.5,
2019,52,Pays de la Loire,18-24 ans,Hommes,163.0,103.9,
2019,52,Pays de la Loire,18-24 ans,Hommes et Femmes,437.0,143.1,
2019,52,Pays de la Loire,25-44 ans,Femmes,531.0,119.3,
2019,52,Pays de la Loire,25-44 ans,Hommes,519.0,117.4,
2019,52,Pays de la Loire,25-44 ans,Hommes et Femmes,1050.0,118.3,
2019,52,Pays de la Loire,45-64 ans,Femmes,614.0,123.8,
2019,52,Pays de la Loire,45-64 ans,Hommes,448.0,93.2,
2019,52,Pays de la Loire,45-64 ans,Hommes et Femmes,1062.0,108.8,
2019,52,Pays de la Loire,65 ans et plus,Femmes,263.0,58.6,
2019,52,Pays de la Loire,65 ans et plus,Hommes,160.0,47.0,
2019,52,Pays de la Loire,65 ans et plus,Hommes et Femmes,423.0,53.6,
2019,52,Pays de la Loire,Tous,Femmes,2194.0,112.4,112.4
2019,52,Pays de la Loire,Tous,Hommes,1442.0,77.8,78.5
2019,52,Pays de la Loire,Tous,Hommes et Femmes,3636.0,95.5,96.0
