Année,Région Code,Région,Classe d'âge,Sexe,Nombre de décès,Taux brut,Taux standardisé
2019,01,Guadeloupe,11-17 ans,Hommes,0.0,0.0,
2019,01,Guadeloupe,45-64 ans,Hommes,16.0,30.5,
2019,01,Guadeloupe,Tous,Hommes,31.0,17.6,17.4
2019,01,Guadeloupe,18-24 ans,Femmes,2.5,17.5,
2019,01,Guadeloupe,45-64 ans,Femmes,0.0,0.0,
2019,01,Guadeloupe,65 ans et plus,Femmes,0.0,0.0,
2019,01,Guadeloupe,Tous,Femmes,2.5,1.2,2.2
2019,01,Guadeloupe,45-64 ans,Hommes et Femmes,16.0,13.7,
2019,01,Guadeloupe,65 ans et plus,Hommes et Femmes,5.0,6.7,
2020,01,Guadeloupe,25-44 ans,Hommes,8.0,24.8,
2020,01,Guadeloupe,18-24 ans,Femmes,0.0,0.0,
2020,01,Guadeloupe,45-64 ans,Femmes,2.5,3.9,
2020,01,Guadeloupe,18-24 ans,Hommes et Femmes,2.5,8.8,
2020,01,Guadeloupe,45-64 ans,Hommes et Femmes,15.5,13.2,
2020,01,Guadeloupe,65 ans et plus,Hommes et Femmes,13.5,17.4,
2021,01,Guadeloupe,00-10 ans,Hommes,0.0,0.0,
2021,01,Guadeloupe,45-64 ans,Hommes,15.0,28.3,
2021,01,Guadeloupe,Tous,Hommes,38.0,21.6,22.4
2021,01,Guadeloupe,00-10 ans,Femmes,0.0,0.0,
2021,01,Guadeloupe,18-24 ans,Hommes et Femmes,2.5,8.8,
2021,01,Guadeloupe,65 ans et plus,Hommes et Femmes,14.5,18.2,
2022,01,Guadeloupe,25-44 ans,Hommes,7.0,22.4,
2022,01,Guadeloupe,65 ans et plus,Femmes,2.5,5.3,
2022,01,Guadeloupe,Tous,Femmes,10.0,4.8,4.7
2022,01,Guadeloupe,00-10 ans,Hommes et Femmes,0.0,0.0,
2022,01,Guadeloupe,Tous,Hommes et Femmes,36.0,9.4,9.8
2023,01,Guadeloupe,11-17 ans,Hommes,0.0,0.0,
2023,01,Guadeloupe,18-24 ans,Hommes,0.0,0.0,
2023,01,Guadeloupe,00-10 ans,Femmes,0.0,0.0,
2023,01,Guadeloupe,65 ans et plus,Femmes,2.5,5.2,
2023,01,Guadeloupe,Tous,Femmes,8.0,3.9,4.2
2023,01,Guadeloupe,00-10 ans,Hommes et Femmes,0.0,0.0,
2023,01,Guadeloupe,11-17 ans,Hommes et Femmes,0.0,0.0,
2019,02,Martinique,11-17 ans,Hommes,0.0,0.0,
2019,02,Martinique,65 ans et plus,Hommes,7.0,21.0,
2019,02,Martinique,Tous,Hommes,18.5,11.1,10.0
2019,02,Martinique,11-17 ans,Femmes,0.0,0.0,
2019,02,Martinique,00-10 ans,Hommes et Femmes,0.0,0.0,
2019,02,Martinique,11-17 ans,Hommes et Femmes,0.0,0.0,
2019,02,Martinique,45-64 ans,Hommes et Femmes,11.5,9.9,
2019,02,Martinique,Tous,Hommes et Femmes,28.5,7.8,7.3
2020,02,Martinique,25-44 ans,Hommes,2.5,8.3,
2020,02,Martinique,65 ans et plus,Hommes,8.0,23.3,
2020,02,Martinique,25-44 ans,Hommes et Femmes,2.5,3.5,
2020,02,Martinique,Tous,Hommes et Femmes,28.0,7.8,7.5
2021,02,Martinique,11-17 ans,Hommes,0.0,0.0,
2021,02,Martinique,00-10 ans,Femmes,0.0,0.0,
2021,02,Martinique,18-24 ans,Femmes,0.0,0.0,
2021,02,Martinique,11-17 ans,Hommes et Femmes,0.0,0.0,
2022,02,Martinique,65 ans et plus,Hommes,10.0,27.6,
2022,02,Martinique,45-64 ans,Hommes et Femmes,7.5,6.6,
2022,02,Martinique,65 ans et plus,Hommes et Femmes,12.5,14.9,
2023,02,Martinique,45-64 ans,Hommes,10.0,19.8,
2023,02,Martinique,65 ans et plus,Hommes,7.0,18.8,
2023,02,Martinique,18-24 ans,Femmes,2.5,21.2,
2023,02,Martinique,25-44 ans,Femmes,2.5,6.2,
2023,02,Martinique,18-24 ans,Hommes et Femmes,2.5,10.5,
2023,02,Martinique,65 ans et plus,Hommes et Femmes,9.5,11.0,
2019,03,Guyane,25-44 ans,Hommes,2.5,7.0,
2019,03,Guyane,45-64 ans,Hommes,5.0,19.6,
2019,03,Guyane,25-44 ans,Femmes,2.5,6.1,
2019,03,Guyane,45-64 ans,Femmes,2.5,9.5,
2019,03,Guyane,65 ans et plus,Femmes,0.0,0.0,
2019,03,Guyane,45-64 ans,Hommes et Femmes,7.5,14.5,
2019,03,Guyane,65 ans et plus,Hommes et Femmes,2.5,15.3,
2019,03,Guyane,Tous,Hommes et Femmes,23.0,8.2,9.4
2020,03,Guyane,11-17 ans,Hommes,0.0,0.0,
2020,03,Guyane,45-64 ans,Hommes,2.5,9.7,
2020,03,Guyane,65 ans et plus,Hommes,2.5,30.4,
2020,03,Guyane,25-44 ans,Femmes,0.0,0.0,
2020,03,Guyane,65 ans et plus,Femmes,0.0,0.0,
2020,03,Guyane,11-17 ans,Hommes et Femmes,0.0,0.0,
2020,03,Guyane,45-64 ans,Hommes et Femmes,5.0,9.5,
2021,03,Guyane,11-17 ans,Hommes,2.5,12.2,
2021,03,Guyane,25-44 ans,Hommes,2.5,7.0,
2021,03,Guyane,11-17 ans,Femmes,0.0,0.0,
2021,03,Guyane,Tous,Femmes,6.0,4.1,4.2
2021,03,Guyane,11-17 ans,Hommes et Femmes,2.5,6.1,
2021,03,Guyane,65 ans et plus,Hommes et Femmes,2.5,13.8,
2021,03,Guyane,Tous,Hommes et Femmes,21.0,7.3,10.0
2022,03,Guyane,18-24 ans,Hommes,2.5,17.2,
2022,03,Guyane,25-44 ans,Hommes,6.0,17.0,
2022,03,Guyane,45-64 ans,Hommes,2.5,9.4,
2022,03,Guyane,65 ans et plus,Hommes,5.0,54.3,
2022,03,Guyane,00-10 ans,Femmes,0.0,0.0,
2022,03,Guyane,11-17 ans,Femmes,0.0,0.0,
2022,03,Guyane,18-24 ans,Femmes,0.0,0.0,
2022,03,Guyane,45-64 ans,Femmes,2.5,9.0,
2022,03,Guyane,00-10 ans,Hommes et Femmes,0.0,0.0,
2022,03,Guyane,18-24 ans,Hommes et Femmes,2.5,8.3,
2023,03,Guyane,65 ans et plus,Hommes,2.5,26.2,
2023,03,Guyane,00-10 ans,Femmes,0.0,0.0,
2023,03,Guyane,11-17 ans,Femmes,0.0,0.0,
2023,03,Guyane,18-24 ans,Femmes,2.5,16.0,
2023,03,Guyane,Tous,Femmes,5.0,3.3,2.8
2023,03,Guyane,18-24 ans,Hommes et Femmes,2.5,8.3,
2023,03,Guyane,25-44 ans,Hommes et Femmes,12.5,16.2,
2023,03,Guyane,65 ans et plus,Hommes et Femmes,2.5,12.4,
2019,04,Réunion,00-10 ans,Hommes,0.0,0.0,
2019,04,Réunion,18-24 ans,Hommes,2.5,6.6,
2019,04,Réunion,11-17 ans,Femmes,0.0,0.0,
2019,04,Réunion,45-64 ans,Femmes,7.0,5.8,
2019,04,Réunion,65 ans et plus,Femmes,2.5,4.2,
2019,04,Réunion,65 ans et plus,Hommes et Femmes,20.5,19.4,
2019,04,Réunion,Tous,Hommes et Femmes,96.0,11.1,12.8
2020,04,Réunion,00-10 ans,Hommes,0.0,0.0,
2020,04,Réunion,18-24 ans,Femmes,2.5,6.6,
2020,04,Réunion,25-44 ans,Femmes,6.0,5.2,
2020,04,Réunion,45-64 ans,Femmes,10.0,8.3,
2020,04,Réunion,65 ans et plus,Femmes,2.5,4.0,
2020,04,Réunion,11-17 ans,Hommes et Femmes,5.0,5.2,
2020,04,Réunion,65 ans et plus,Hommes et Femmes,12.5,11.3,
2020,04,Réunion,Tous,Hommes et Femmes,92.0,10.7,11.5
2021,04,Réunion,00-10 ans,Hommes,0.0,0.0,
2021,04,Réunion,65 ans et plus,Hommes,10.0,19.5,
2021,04,Réunion,11-17 ans,Femmes,0.0,0.0,
2021,04,Réunion,18-24 ans,Femmes,2.5,6.6,
2021,04,Réunion,00-10 ans,Hommes et Femmes,0.0,0.0,
2021,04,Réunion,11-17 ans,Hommes et Femmes,2.5,2.6,
2021,04,Réunion,65 ans et plus,Hommes et Femmes,10.0,8.6,
2022,04,Réunion,11-17 ans,Hommes,2.5,5.1,
2022,04,Réunion,65 ans et plus,Hommes,9.0,16.5,
2022,04,Réunion,Tous,Hommes,44.0,10.5,11.3
2022,04,Réunion,18-24 ans,Femmes,0.0,0.0,
2022,04,Réunion,45-64 ans,Femmes,13.0,10.5,
2022,04,Réunion,00-10 ans,Hommes et Femmes,0.0,0.0,
2023,04,Réunion,11-17 ans,Hommes,0.0,0.0,
2023,04,Réunion,18-24 ans,Hommes,2.5,6.7,
2023,04,Réunion,45-64 ans,Hommes,30.0,26.0,
2023,04,Réunion,65 ans et plus,Hommes,11.0,19.2,
2023,04,Réunion,18-24 ans,Femmes,2.5,6.7,
2023,04,Réunion,11-17 ans,Hommes et Femmes,0.0,0.0,
2023,04,Réunion,45-64 ans,Hommes et Femmes,35.0,14.6,
2019,06,Mayotte,00-10 ans,Hommes,0.0,0.0,
2019,06,Mayotte,11-17 ans,Hommes,0.0,0.0,
2019,06,Mayotte,45-64 ans,Hommes,0.0,0.0,
2019,06,Mayotte,18-24 ans,Femmes,0.0,0.0,
2019,06,Mayotte,45-64 ans,Femmes,0.0,0.0,
2019,06,Mayotte,65 ans et plus,Femmes,0.0,0.0,
2019,06,Mayotte,18-24 ans,Hommes et Femmes,2.5,9.7,
2019,06,Mayotte,25-44 ans,Hommes et Femmes,2.5,3.6,
2020,06,Mayotte,45-64 ans,Hommes,0.0,0.0,
2020,06,Mayotte,45-64 ans,Femmes,2.5,16.4,
2020,06,Mayotte,Tous,Femmes,2.5,1.7,1.7
2021,06,Mayotte,00-10 ans,Hommes,0.0,0.0,
2021,06,Mayotte,18-24 ans,Hommes,2.5,20.4,
2021,06,Mayotte,25-44 ans,Hommes,2.5,7.8,
2021,06,Mayotte,Tous,Hommes,2.5,1.8,3.7
2021,06,Mayotte,25-44 ans,Femmes,0.0,0.0,
2021,06,Mayotte,00-10 ans,Hommes et Femmes,0.0,0.0,
2021,06,Mayotte,18-24 ans,Hommes et Femmes,2.5,9.0,
2021,06,Mayotte,65 ans et plus,Hommes et Femmes,0.0,0.0,
2022,06,Mayotte,00-10 ans,Hommes,0.0,0.0,
2022,06,Mayotte,25-44 ans,Hommes,2.5,7.5,
2022,06,Mayotte,45-64 ans,Hommes,0.0,0.0,
2022,06,Mayotte,Tous,Hommes,2.5,1.8,1.1
2022,06,Mayotte,00-10 ans,Femmes,0.0,0.0,
2022,06,Mayotte,18-24 ans,Femmes,0.0,0.0,
2022,06,Mayotte,00-10 ans,Hommes et Femmes,0.0,0.0,
2022,06,Mayotte,11-17 ans,Hommes et Femmes,5.0,9.5,
2022,06,Mayotte,Tous,Hommes et Femmes,2.5,0.8,1.5
2023,06,Mayotte,00-10 ans,Femmes,0.0,0.0,
2023,06,Mayotte,11-17 ans,Femmes,0.0,0.0,
2023,06,Mayotte,18-24 ans,Femmes,0.0,0.0,
2023,06,Mayotte,11-17 ans,Hommes et Femmes,0.0,0.0,
2023,06,Mayotte,18-24 ans,Hommes et Femmes,0.0,0.0,
2023,06,Mayotte,65 ans et plus,Hommes et Femmes,0.0,0.0,
2019,11,Île-de-France,18-24 ans,Femmes,15.0,2.8,
2019,11,Île-de-France,11-17 ans,Hommes et Femmes,16.0,1.5,
2020,11,Île-de-France,65 ans et plus,Hommes,173.0,21.5,
2020,11,Île-de-France,Tous,Hommes,705.0,11.9,12.7
2020,11,Île-de-France,11-17 ans,Femmes,2.5,0.5,
2020,11,Île-de-France,00-10 ans,Hommes et Femmes,2.5,0.1,
2020,11,Île-de-France,18-24 ans,Hommes et Femmes,75.0,6.9,
2020,11,Île-de-France,Tous,Hommes et Femmes,1027.5,8.4,9.0
2021,11,Île-de-France,11-17 ans,Hommes,8.0,1.4,
2021,11,Île-de-France,18-24 ans,Hommes,41.0,7.4,
2021,11,Île-de-France,11-17 ans,Femmes,11.0,2.1,
2021,11,Île-de-France,Tous,Femmes,318.5,5.0,5.5
2021,11,Île-de-France,00-10 ans,Hommes et Femmes,0.0,0.0,
2021,11,Île-de-France,18-24 ans,Hommes et Femmes,65.0,5.8,
2021,11,Île-de-France,65 ans et plus,Hommes et Femmes,285.0,14.9,
2022,11,Île-de-France,18-24 ans,Hommes,47.0,8.3,
2022,11,Île-de-France,45-64 ans,Hommes,213.0,14.4,
2022,11,Île-de-France,65 ans et plus,Hommes,180.0,21.6,
2022,11,Île-de-France,00-10 ans,Femmes,0.0,0.0,
2022,11,Île-de-France,11-17 ans,Femmes,12.0,2.2,
2022,11,Île-de-France,18-24 ans,Femmes,25.0,4.3,
2022,11,Île-de-France,45-64 ans,Femmes,117.0,7.5,
2022,11,Île-de-France,65 ans et plus,Femmes,106.0,9.5,
2022,11,Île-de-France,00-10 ans,Hommes et Femmes,0.0,0.0,
2022,11,Île-de-France,18-24 ans,Hommes et Femmes,72.0,6.3,
2023,11,Île-de-France,45-64 ans,Hommes,231.0,15.6,
2023,11,Île-de-France,Tous,Hommes,635.0,10.6,11.4
2023,11,Île-de-France,18-24 ans,Femmes,19.0,3.3,
2023,11,Île-de-France,25-44 ans,Femmes,65.0,3.6,
2023,11,Île-de-France,Tous,Femmes,293.0,4.6,4.9
2023,11,Île-de-France,00-10 ans,Hommes et Femmes,2.5,0.2,
2023,11,Île-de-France,45-64 ans,Hommes et Femmes,346.0,11.4,
2019,24,Centre-Val de Loire,00-10 ans,Hommes,0.0,0.0,
2019,24,Centre-Val de Loire,25-44 ans,Hommes,63.0,22.3,
2019,24,Centre-Val de Loire,Tous,Hommes,309.5,24.8,24.2
2019,24,Centre-Val de Loire,00-10 ans,Femmes,0.0,0.0,
2019,24,Centre-Val de Loire,11-17 ans,Femmes,2.5,2.3,
2019,24,Centre-Val de Loire,65 ans et plus,Femmes,45.5,13.9,
2019,24,Centre-Val de Loire,Tous,Femmes,101.0,7.6,7.4
2019,24,Centre-Val de Loire,Tous,Hommes et Femmes,410.5,16.0,15.6
2020,24,Centre-Val de Loire,00-10 ans,Hommes,0.0,0.0,
2020,24,Centre-Val de Loire,18-24 ans,Hommes,10.0,10.2,
2020,24,Centre-Val de Loire,Tous,Hommes,320.5,25.7,24.9
2020,24,Centre-Val de Loire,25-44 ans,Femmes,15.0,5.2,
2020,24,Centre-Val de Loire,45-64 ans,Femmes,37.0,10.6,
2020,24,Centre-Val de Loire,65 ans et plus,Femmes,34.0,10.2,
2020,24,Centre-Val de Loire,00-10 ans,Hommes et Femmes,0.0,0.0,
2020,24,Centre-Val de Loire,25-44 ans,Hommes et Femmes,82.0,14.4,
2020,24,Centre-Val de Loire,45-64 ans,Hommes et Femmes,147.0,21.5,
2020,24,Centre-Val de Loire,Tous,Hommes et Femmes,408.0,15.8,15.4
2021,24,Centre-Val de Loire,25-44 ans,Hommes,64.0,22.8,
2021,24,Centre-Val de Loire,45-64 ans,Hommes,106.0,31.9,
2021,24,Centre-Val de Loire,Tous,Hommes,311.0,24.9,24.3
2021,24,Centre-Val de Loire,00-10 ans,Femmes,0.0,0.0,
2021,24,Centre-Val de Loire,25-44 ans,Femmes,7.0,2.4,
2021,24,Centre-Val de Loire,45-64 ans,Femmes,27.0,7.8,
2021,24,Centre-Val de Loire,65 ans et plus,Femmes,37.0,11.0,
2021,24,Centre-Val de Loire,00-10 ans,Hommes et Femmes,0.0,0.0,
2021,24,Centre-Val de Loire,18-24 ans,Hommes et Femmes,15.5,8.1,
2022,24,Centre-Val de Loire,25-44 ans,Hommes,51.5,18.2,
2022,24,Centre-Val de Loire,11-17 ans,Femmes,2.5,2.3,
2022,24,Centre-Val de Loire,11-17 ans,Hommes et Femmes,5.0,2.2,
2022,24,Centre-Val de Loire,Tous,Hommes et Femmes,417.0,16.2,15.6
2023,24,Centre-Val de Loire,11-17 ans,Hommes,2.5,2.1,
2023,24,Centre-Val de Loire,18-24 ans,Hommes,11.0,11.0,
2023,24,Centre-Val de Loire,45-64 ans,Hommes,108.0,32.9,
2023,24,Centre-Val de Loire,Tous,Hommes,305.5,24.4,23.6
2023,24,Centre-Val de Loire,00-10 ans,Femmes,0.0,0.0,
2023,24,Centre-Val de Loire,45-64 ans,Femmes,24.0,7.0,
2023,24,Centre-Val de Loire,11-17 ans,Hommes et Femmes,5.0,2.2,
2023,24,Centre-Val de Loire,45-64 ans,Hommes et Femmes,132.0,19.7,
2023,24,Centre-Val de Loire,65 ans et plus,Hommes et Femmes,158.0,25.9,
2019,27,Bourgogne et Franche-Comté,18-24 ans,Hommes,15.0,13.6,
2019,27,Bourgogne et Franche-Comté,45-64 ans,Hommes,135.0,36.6,
2019,27,Bourgogne et Franche-Comté,65 ans et plus,Hommes,113.5,40.2,
2019,27,Bourgogne et Franche-Comté,11-17 ans,Femmes,2.5,2.2,
2019,27,Bourgogne et Franche-Comté,18-24 ans,Femmes,2.5,2.5,
2019,27,Bourgogne et Franche-Comté,25-44 ans,Femmes,21.0,6.7,
2019,27,Bourgogne et Franche-Comté,Tous,Femmes,91.5,6.4,6.4
2020,27,Bourgogne et Franche-Comté,00-10 ans,Hommes,0.0,0.0,
2020,27,Bourgogne et Franche-Comté,Tous,Hommes,318.0,23.3,22.7
2020,27,Bourgogne et Franche-Comté,65 ans et plus,Femmes,44.0,11.9,
2020,27,Bourgogne et Franche-Comté,00-10 ans,Hommes et Femmes,0.0,0.0,
2020,27,Bourgogne et Franche-Comté,25-44 ans,Hommes et Femmes,94.0,15.3,
2020,27,Bourgogne et Franche-Comté,45-64 ans,Hommes et Femmes,161.0,21.5,
2020,27,Bourgogne et Franche-Comté,65 ans et plus,Hommes et Femmes,152.5,23.2,
2020,27,Bourgogne et Franche-Comté,Tous,Hommes et Femmes,430.0,15.3,14.9
2021,27,Bourgogne et Franche-Comté,11-17 ans,Hommes,2.5,2.0,
2021,27,Bourgogne et Franche-Comté,65 ans et plus,Hommes,116.5,40.1,
2021,27,Bourgogne et Franche-Comté,Tous,Hommes,344.0,25.2,24.4
2021,27,Bourgogne et Franche-Comté,Tous,Femmes,94.0,6.5,6.3
2021,27,Bourgogne et Franche-Comté,11-17 ans,Hommes et Femmes,5.0,2.1,
2021,27,Bourgogne et Franche-Comté,45-64 ans,Hommes et Femmes,175.0,23.5,
2021,27,Bourgogne et Franche-Comté,Tous,Hommes et Femmes,438.0,15.6,15.1
2022,27,Bourgogne et Franche-Comté,00-10 ans,Hommes,0.0,0.0,
2022,27,Bourgogne et Franche-Comté,65 ans et plus,Hommes,134.0,45.5,
2022,27,Bourgogne et Franche-Comté,Tous,Hommes,377.0,27.5,26.7
2022,27,Bourgogne et Franche-Comté,00-10 ans,Femmes,0.0,0.0,
2022,27,Bourgogne et Franche-Comté,25-44 ans,Femmes,10.0,3.2,
2022,27,Bourgogne et Franche-Comté,Tous,Femmes,91.0,6.3,6.1
2022,27,Bourgogne et Franche-Comté,11-17 ans,Hommes et Femmes,2.5,1.0,
2022,27,Bourgogne et Franche-Comté,45-64 ans,Hommes et Femmes,176.5,23.9,
2023,27,Bourgogne et Franche-Comté,00-10 ans,Hommes,0.0,0.0,
2023,27,Bourgogne et Franche-Comté,Tous,Hommes,343.5,25.1,24.3
2023,27,Bourgogne et Franche-Comté,45-64 ans,Femmes,39.0,10.5,
2023,27,Bourgogne et Franche-Comté,Tous,Hommes et Femmes,450.0,16.1,15.5
2019,28,Normandie,18-24 ans,Hommes,16.0,11.9,
2019,28,Normandie,45-64 ans,Hommes,193.0,44.9,
2019,28,Normandie,Tous,Hommes,464.5,28.9,28.9
2019,28,Normandie,18-24 ans,Femmes,2.5,1.9,
2019,28,Normandie,45-64 ans,Femmes,58.0,12.9,
2019,28,Normandie,65 ans et plus,Femmes,43.5,10.6,
2019,28,Normandie,Tous,Femmes,128.0,7.5,7.4
2019,28,Normandie,18-24 ans,Hommes et Femmes,18.5,7.0,
2019,28,Normandie,45-64 ans,Hommes et Femmes,251.0,28.5,
2020,28,Normandie,18-24 ans,Hommes,19.0,14.1,
2020,28,Normandie,45-64 ans,Hommes,194.0,45.4,
2020,28,Normandie,Tous,Hommes,504.5,31.3,31.3
2020,28,Normandie,11-17 ans,Femmes,2.5,1.8,
2020,28,Normandie,18-24 ans,Femmes,2.5,2.0,
2020,28,Normandie,65 ans et plus,Femmes,48.5,11.6,
2021,28,Normandie,25-44 ans,Hommes,103.0,27.6,
2021,28,Normandie,11-17 ans,Femmes,2.5,1.8,
2021,28,Normandie,18-24 ans,Femmes,6.0,4.7,
2021,28,Normandie,Tous,Femmes,133.0,7.7,7.6
2021,28,Normandie,11-17 ans,Hommes et Femmes,2.5,0.9,
2021,28,Normandie,18-24 ans,Hommes et Femmes,27.0,10.3,
2021,28,Normandie,25-44 ans,Hommes et Femmes,120.0,15.9,
2021,28,Normandie,45-64 ans,Hommes et Femmes,237.5,27.4,
2021,28,Normandie,65 ans et plus,Hommes et Femmes,204.5,27.5,
2022,28,Normandie,00-10 ans,Hommes,0.0,0.0,
2022,28,Normandie,11-17 ans,Hommes,2.5,1.6,
2022,28,Normandie,45-64 ans,Hommes,180.0,42.7,
2022,28,Normandie,65 ans et plus,Hommes,149.0,46.0,
2022,28,Normandie,Tous,Hommes,453.0,28.0,27.7
2022,28,Normandie,11-17 ans,Femmes,2.5,1.8,
2022,28,Normandie,25-44 ans,Femmes,31.5,8.2,
2022,28,Normandie,Tous,Femmes,138.0,8.0,7.9
2022,28,Normandie,11-17 ans,Hommes et Femmes,5.0,1.7,
2023,28,Normandie,00-10 ans,Hommes,0.0,0.0,
2023,28,Normandie,11-17 ans,Hommes,5.0,3.3,
2023,28,Normandie,65 ans et plus,Hommes,145.0,44.0,
2023,28,Normandie,18-24 ans,Femmes,2.5,2.0,
2023,28,Normandie,45-64 ans,Femmes,47.0,10.8,
2023,28,Normandie,45-64 ans,Hommes et Femmes,190.0,22.2,
2019,32,Hauts-de-France,11-17 ans,Hommes,2.5,0.9,
2019,32,Hauts-de-France,45-64 ans,Hommes,289.0,38.5,
2019,32,Hauts-de-France,11-17 ans,Femmes,5.0,1.8,
2019,32,Hauts-de-France,25-44 ans,Femmes,43.0,5.8,
2019,32,Hauts-de-France,11-17 ans,Hommes et Femmes,7.5,1.3,
2019,32,Hauts-de-France,25-44 ans,Hommes et Femmes,225.0,15.3,
2019,32,Hauts-de-France,65 ans et plus,Hommes et Femmes,199.5,18.3,
2020,32,Hauts-de-France,00-10 ans,Hommes,0.0,0.0,
2020,32,Hauts-de-France,11-17 ans,Hommes,9.0,3.1,
2020,32,Hauts-de-France,18-24 ans,Hommes,25.0,9.4,
2020,32,Hauts-de-France,18-24 ans,Femmes,15.0,5.9,
2020,32,Hauts-de-France,25-44 ans,Femmes,47.0,6.4,
2020,32,Hauts-de-France,11-17 ans,Hommes et Femmes,14.0,2.5,
2020,32,Hauts-de-France,18-24 ans,Hommes et Femmes,40.0,7.7,
2020,32,Hauts-de-France,25-44 ans,Hommes et Femmes,222.0,15.2,
2020,32,Hauts-de-France,45-64 ans,Hommes et Femmes,388.0,25.4,
2021,32,Hauts-de-France,45-64 ans,Hommes,260.0,34.8,
2021,32,Hauts-de-France,65 ans et plus,Hommes,210.0,44.2,
2021,32,Hauts-de-France,00-10 ans,Femmes,0.0,0.0,
2021,32,Hauts-de-France,18-24 ans,Femmes,15.0,5.9,
2021,32,Hauts-de-France,45-64 ans,Femmes,79.5,10.3,
2021,32,Hauts-de-France,Tous,Femmes,190.5,6.2,6.4
2021,32,Hauts-de-France,11-17 ans,Hommes et Femmes,14.0,2.5,
2021,32,Hauts-de-France,18-24 ans,Hommes et Femmes,43.0,8.2,
2021,32,Hauts-de-France,25-44 ans,Hommes et Femmes,223.0,15.3,
2021,32,Hauts-de-France,45-64 ans,Hommes et Femmes,339.5,22.3,
2021,32,Hauts-de-France,Tous,Hommes et Femmes,884.5,14.8,15.3
2022,32,Hauts-de-France,00-10 ans,Hommes,0.0,0.0,
2022,32,Hauts-de-France,25-44 ans,Hommes,194.0,26.9,
2022,32,Hauts-de-France,65 ans et plus,Hommes,206.0,42.5,
2022,32,Hauts-de-France,00-10 ans,Femmes,0.0,0.0,
2022,32,Hauts-de-France,65 ans et plus,Femmes,63.0,9.5,
2022,32,Hauts-de-France,11-17 ans,Hommes et Femmes,10.0,1.8,
2023,32,Hauts-de-France,45-64 ans,Hommes,256.0,34.6,
2023,32,Hauts-de-France,65 ans et plus,Hommes,212.0,43.0,
2023,32,Hauts-de-France,11-17 ans,Femmes,7.0,2.5,
2023,32,Hauts-de-France,18-24 ans,Femmes,13.5,5.3,
2019,44,Grand Est,11-17 ans,Hommes,2.5,1.0,
2019,44,Grand Est,25-44 ans,Hommes,153.5,23.2,
2019,44,Grand Est,Tous,Hommes,580.0,21.4,21.3
2019,44,Grand Est,00-10 ans,Femmes,0.0,0.0,
2019,44,Grand Est,11-17 ans,Femmes,2.5,1.1,
2019,44,Grand Est,00-10 ans,Hommes et Femmes,0.0,0.0,
2019,44,Grand Est,45-64 ans,Hommes et Femmes,292.0,19.4,
2019,44,Grand Est,65 ans et plus,Hommes et Femmes,244.0,21.7,
2019,44,Grand Est,Tous,Hommes et Femmes,755.5,13.6,13.5
2020,44,Grand Est,00-10 ans,Hommes,0.0,0.0,
2020,44,Grand Est,11-17 ans,Hommes,8.0,3.3,
2020,44,Grand Est,18-24 ans,Hommes,19.0,8.0,
2020,44,Grand Est,Tous,Hommes,596.5,22.0,21.8
2020,44,Grand Est,00-10 ans,Femmes,2.5,0.8,
2020,44,Grand Est,11-17 ans,Femmes,2.5,1.1,
2020,44,Grand Est,18-24 ans,Femmes,6.0,2.7,
2020,44,Grand Est,25-44 ans,Femmes,49.0,7.4,
2020,44,Grand Est,45-64 ans,Hommes et Femmes,315.0,21.1,
2020,44,Grand Est,Tous,Hommes et Femmes,777.5,14.0,13.8
2021,44,Grand Est,25-44 ans,Hommes,127.5,19.3,
2021,44,Grand Est,11-17 ans,Femmes,6.0,2.6,
2021,44,Grand Est,25-44 ans,Femmes,40.0,6.0,
2021,44,Grand Est,45-64 ans,Femmes,76.0,10.1,
2021,44,Grand Est,45-64 ans,Hommes et Femmes,311.0,21.0,
2021,44,Grand Est,65 ans et plus,Hommes et Femmes,247.0,21.2,
2021,44,Grand Est,Tous,Hommes et Femmes,773.0,13.9,13.7
2022,44,Grand Est,00-10 ans,Hommes,0.0,0.0,
2022,44,Grand Est,25-44 ans,Hommes,153.0,23.1,
2022,44,Grand Est,65 ans et plus,Hommes,177.5,34.5,
2022,44,Grand Est,Tous,Hommes,560.0,20.6,20.4
2022,44,Grand Est,18-24 ans,Femmes,14.0,6.5,
2022,44,Grand Est,25-44 ans,Femmes,34.0,5.1,
2022,44,Grand Est,00-10 ans,Hommes et Femmes,0.0,0.0,
2022,44,Grand Est,18-24 ans,Hommes et Femmes,38.0,8.4,
2022,44,Grand Est,Tous,Hommes et Femmes,742.5,13.4,13.1
2023,44,Grand Est,11-17 ans,Hommes,6.0,2.5,
2023,44,Grand Est,45-64 ans,Hommes,206.0,28.7,
2023,44,Grand Est,65 ans et plus,Hommes,183.0,35.0,
2023,44,Grand Est,45-64 ans,Femmes,77.0,10.4,
2023,44,Grand Est,Tous,Femmes,167.5,5.9,5.8
2023,44,Grand Est,00-10 ans,Hommes et Femmes,0.0,0.0,
2023,44,Grand Est,11-17 ans,Hommes et Femmes,8.5,1.8,
2023,44,Grand Est,18-24 ans,Hommes et Femmes,40.0,8.9,
2023,44,Grand Est,25-44 ans,Hommes et Femmes,171.0,12.8,
2019,52,Pays de la Loire,25-44 ans,Hommes,115.0,26.0,
2019,52,Pays de la Loire,65 ans et plus,Hommes,138.0,40.6,
2019,52,Pays de la Loire,18-24 ans,Femmes,7.0,4.7,
2019,52,Pays de la Loire,45-64 ans,Femmes,56.5,11.4,
2019,52,Pays de la Loire,65 ans et plus,Femmes,52.5,11.7,
2019,52,Pays de la Loire,Tous,Femmes,142.0,7.3,7.3
2019,52,Pays de la Loire,18-24 ans,Hommes et Femmes,27.0,8.8,
2020,52,Pays de la Loire,11-17 ans,Hommes,2.5,1.4,
2020,52,Pays de la Loire,65 ans et plus,Hommes,149.0,42.7,
2020,52,Pays de la Loire,Tous,Hommes,470.5,25.2,25.5
2020,52,Pays de la Loire,00-10 ans,Femmes,0.0,0.0,
2020,52,Pays de la Loire,18-24 ans,Femmes,2.5,1.7,
2020,52,Pays de la Loire,45-64 ans,Femmes,54.5,11.0,
2020,52,Pays de la Loire,25-44 ans,Hommes et Femmes,134.0,15.1,
2020,52,Pays de la Loire,Tous,Hommes et Femmes,619.5,16.2,16.3
2021,52,Pays de la Loire,25-44 ans,Hommes,105.5,23.6,
2021,52,Pays de la Loire,45-64 ans,Hommes,173.0,35.7,
2021,52,Pays de la Loire,45-64 ans,Femmes,53.0,10.6,
2021,52,Pays de la Loire,65 ans et plus,Femmes,56.5,12.1,
2021,52,Pays de la Loire,18-24 ans,Hommes et Femmes,25.0,8.1,
2021,52,Pays de la Loire,65 ans et plus,Hommes et Femmes,222.5,27.1,
2022,52,Pays de la Loire,00-10 ans,Hommes,0.0,0.0,
2022,52,Pays de la Loire,25-44 ans,Hommes,120.0,26.6,
2022,52,Pays de la Loire,45-64 ans,Hommes,192.0,39.6,
2022,52,Pays de la Loire,65 ans et plus,Femmes,58.0,12.2,
2022,52,Pays de la Loire,18-24 ans,Hommes et Femmes,17.0,5.4,
2022,52,Pays de la Loire,25-44 ans,Hommes et Femmes,156.0,17.2,
2022,52,Pays de la Loire,65 ans et plus,Hommes et Femmes,235.0,28.0,
2023,52,Pays de la Loire,18-24 ans,Hommes,18.0,10.9,
2023,52,Pays de la Loire,25-44 ans,Hommes,102.0,22.4,
2023,52,Pays de la Loire,Tous,Hommes,465.0,24.4,24.4
2023,52,Pays de la Loire,18-24 ans,Femmes,11.0,7.2,
2023,52,Pays de la Loire,25-44 ans,Femmes,26.5,5.8,
2023,52,Pays de la Loire,45-64 ans,Femmes,66.5,13.4,
2023,52,Pays de la Loire,Tous,Femmes,166.0,8.3,8.3
2023,52,Pays de la Loire,25-44 ans,Hommes et Femmes,128.5,14.1,
2019,53,Bretagne,00-10 ans,Hommes,0.0,0.0,
2019,53,Bretagne,11-17 ans,Hommes,2.5,1.7,
2019,53,Bretagne,45-64 ans,Hommes,222.0,50.3,
2019,53,Bretagne,65 ans et plus,Hommes,174.0,54.5,
2019,53,Bretagne,11-17 ans,Femmes,2.5,1.7,
2019,53,Bretagne,65 ans et plus,Femmes,53.0,12.3,
2019,53,Bretagne,11-17 ans,Hommes et Femmes,2.5,0.8,
2020,53,Bretagne,00-10 ans,Hommes,0.0,0.0,
2020,53,Bretagne,11-17 ans,Hommes,8.0,5.3,
2020,53,Bretagne,45-64 ans,Hommes,197.0,44.5,
2020,53,Bretagne,00-10 ans,Femmes,0.0,0.0,
2020,53,Bretagne,18-24 ans,Femmes,7.0,5.5,
2020,53,Bretagne,25-44 ans,Femmes,28.5,7.6,
2020,53,Bretagne,65 ans et plus,Femmes,65.0,14.8,
2020,53,Bretagne,45-64 ans,Hommes et Femmes,273.0,30.5,
2020,53,Bretagne,65 ans et plus,Hommes et Femmes,226.0,29.4,
2020,53,Bretagne,Tous,Hommes et Femmes,676.5,20.1,19.7
2021,53,Bretagne,18-24 ans,Hommes,24.5,17.8,
2021,53,Bretagne,45-64 ans,Hommes,222.0,50.0,
2021,53,Bretagne,65 ans et plus,Hommes,163.0,48.7,
2021,53,Bretagne,Tous,Hommes,547.5,33.2,32.6
2021,53,Bretagne,00-10 ans,Femmes,0.0,0.0,
2021,53,Bretagne,11-17 ans,Femmes,2.5,1.7,
2021,53,Bretagne,25-44 ans,Femmes,35.0,9.3,
2021,53,Bretagne,11-17 ans,Hommes et Femmes,7.5,2.5,
2021,53,Bretagne,65 ans et plus,Hommes et Femmes,222.0,28.4,
2022,53,Bretagne,00-10 ans,Hommes,0.0,0.0,
2022,53,Bretagne,11-17 ans,Hommes,2.5,1.6,
2022,53,Bretagne,18-24 ans,Hommes,15.0,10.8,
2022,53,Bretagne,45-64 ans,Hommes,219.0,49.3,
2022,53,Bretagne,11-17 ans,Femmes,2.5,1.7,
2022,53,Bretagne,11-17 ans,Hommes et Femmes,5.0,1.7,
2022,53,Bretagne,Tous,Hommes et Femmes,702.5,20.5,20.2
2023,53,Bretagne,45-64 ans,Hommes,205.0,46.2,
2023,53,Bretagne,00-10 ans,Femmes,0.0,0.0,
2023,53,Bretagne,25-44 ans,Femmes,26.5,6.9,
2023,53,Bretagne,45-64 ans,Femmes,64.0,14.1,
2023,53,Bretagne,Tous,Femmes,157.0,8.9,8.6
2023,53,Bretagne,18-24 ans,Hommes et Femmes,21.5,8.1,
2023,53,Bretagne,65 ans et plus,Hommes et Femmes,256.0,31.4,
2019,75,Nouvelle Aquitaine,Tous,Hommes,728.5,25.2,24.1
2019,75,Nouvelle Aquitaine,11-17 ans,Femmes,5.0,2.1,
2019,75,Nouvelle Aquitaine,25-44 ans,Femmes,42.0,6.2,
2019,75,Nouvelle Aquitaine,11-17 ans,Hommes et Femmes,11.0,2.3,
2019,75,Nouvelle Aquitaine,Tous,Hommes et Femmes,940.5,15.6,15.0
2020,75,Nouvelle Aquitaine,00-10 ans,Hommes,0.0,0.0,
2020,75,Nouvelle Aquitaine,45-64 ans,Hommes,269.0,34.1,
2020,75,Nouvelle Aquitaine,25-44 ans,Femmes,40.0,5.9,
2020,75,Nouvelle Aquitaine,45-64 ans,Femmes,85.0,10.2,
2020,75,Nouvelle Aquitaine,11-17 ans,Hommes et Femmes,8.5,1.7,
2020,75,Nouvelle Aquitaine,25-44 ans,Hommes et Femmes,173.5,13.0,
2020,75,Nouvelle Aquitaine,45-64 ans,Hommes et Femmes,354.0,21.8,
2020,75,Nouvelle Aquitaine,65 ans et plus,Hommes et Femmes,370.0,25.2,
2021,75,Nouvelle Aquitaine,00-10 ans,Hommes,0.0,0.0,
2021,75,Nouvelle Aquitaine,11-17 ans,Hommes,2.5,1.0,
2021,75,Nouvelle Aquitaine,Tous,Hommes,764.0,26.1,24.6
2021,75,Nouvelle Aquitaine,18-24 ans,Femmes,7.0,3.2,
2021,75,Nouvelle Aquitaine,Tous,Femmes,233.5,7.4,7.1
2021,75,Nouvelle Aquitaine,11-17 ans,Hommes et Femmes,7.0,1.4,
2021,75,Nouvelle Aquitaine,25-44 ans,Hommes et Femmes,194.5,14.5,
2021,75,Nouvelle Aquitaine,Tous,Hommes et Femmes,997.5,16.4,15.6
2022,75,Nouvelle Aquitaine,18-24 ans,Hommes,23.0,9.8,
2022,75,Nouvelle Aquitaine,25-44 ans,Hommes,136.5,20.4,
2022,75,Nouvelle Aquitaine,Tous,Hommes,728.5,24.7,23.3
2022,75,Nouvelle Aquitaine,11-17 ans,Femmes,6.0,2.5,
2022,75,Nouvelle Aquitaine,45-64 ans,Femmes,66.0,7.9,
2022,75,Nouvelle Aquitaine,00-10 ans,Hommes et Femmes,0.0,0.0,
2022,75,Nouvelle Aquitaine,45-64 ans,Hommes et Femmes,342.0,21.0,
2022,75,Nouvelle Aquitaine,65 ans et plus,Hommes et Femmes,366.0,24.1,
2023,75,Nouvelle Aquitaine,18-24 ans,Hommes,23.0,9.7,
2023,75,Nouvelle Aquitaine,65 ans et plus,Hommes,290.0,43.2,
2023,75,Nouvelle Aquitaine,18-24 ans,Femmes,6.0,2.7,
2023,75,Nouvelle Aquitaine,11-17 ans,Hommes et Femmes,2.5,0.5,
2023,75,Nouvelle Aquitaine,25-44 ans,Hommes et Femmes,202.5,14.8,
2019,76,Occitanie,65 ans et plus,Hommes,187.5,31.9,
2019,76,Occitanie,Tous,Hommes,551.0,19.2,18.7
2019,76,Occitanie,45-64 ans,Femmes,79.0,9.8,
2019,76,Occitanie,Tous,Femmes,185.0,6.0,5.9
2019,76,Occitanie,00-10 ans,Hommes et Femmes,0.0,0.0,
2019,76,Occitanie,18-24 ans,Hommes et Femmes,17.5,3.7,
2019,76,Occitanie,25-44 ans,Hommes et Femmes,147.0,10.8,
2019,76,Occitanie,65 ans et plus,Hommes et Femmes,256.5,19.1,
2020,76,Occitanie,00-10 ans,Hommes,0.0,0.0,
2020,76,Occitanie,45-64 ans,Hommes,190.0,25.0,
2020,76,Occitanie,65 ans et plus,Hommes,214.5,35.7,
2020,76,Occitanie,25-44 ans,Femmes,24.0,3.5,
2020,76,Occitanie,45-64 ans,Femmes,69.0,8.5,
2020,76,Occitanie,00-10 ans,Hommes et Femmes,0.0,0.0,
2020,76,Occitanie,18-24 ans,Hommes et Femmes,43.0,9.0,
2020,76,Occitanie,65 ans et plus,Hommes et Femmes,278.5,20.3,
2020,76,Occitanie,Tous,Hommes et Femmes,730.5,12.2,11.9
2021,76,Occitanie,11-17 ans,Hommes,6.0,2.4,
2021,76,Occitanie,11-17 ans,Femmes,5.0,2.1,
2021,76,Occitanie,18-24 ans,Femmes,12.0,5.1,
2021,76,Occitanie,25-44 ans,Femmes,39.0,5.6,
2021,76,Occitanie,00-10 ans,Hommes et Femmes,0.0,0.0,
2021,76,Occitanie,11-17 ans,Hommes et Femmes,11.0,2.2,
2021,76,Occitanie,18-24 ans,Hommes et Femmes,29.0,6.1,
2021,76,Occitanie,Tous,Hommes et Femmes,754.5,12.5,12.1
2022,76,Occitanie,18-24 ans,Hommes,25.0,10.1,
2022,76,Occitanie,25-44 ans,Hommes,151.0,21.9,
2022,76,Occitanie,00-10 ans,Femmes,0.0,0.0,
2022,76,Occitanie,18-24 ans,Femmes,14.0,6.0,
2022,76,Occitanie,45-64 ans,Femmes,61.0,7.5,
2022,76,Occitanie,Tous,Hommes et Femmes,847.0,13.9,13.5
2023,76,Occitanie,00-10 ans,Hommes,0.0,0.0,
2023,76,Occitanie,25-44 ans,Hommes,143.0,20.6,
2023,76,Occitanie,65 ans et plus,Hommes,235.5,37.1,
2023,76,Occitanie,Tous,Hommes,640.0,21.6,20.8
2023,76,Occitanie,18-24 ans,Femmes,14.5,6.1,
2023,76,Occitanie,45-64 ans,Femmes,74.0,9.1,
2023,76,Occitanie,65 ans et plus,Femmes,65.0,8.0,
2023,76,Occitanie,00-10 ans,Hommes et Femmes,0.0,0.0,
2023,76,Occitanie,18-24 ans,Hommes et Femmes,41.5,8.5,
2023,76,Occitanie,25-44 ans,Hommes et Femmes,184.0,13.0,
2019,84,Auvergne et Rhône-Alpes,00-10 ans,Hommes,0.0,0.0,
2019,84,Auvergne et Rhône-Alpes,11-17 ans,Hommes,2.5,0.7,
2019,84,Auvergne et Rhône-Alpes,25-44 ans,Hommes,142.5,14.7,
2019,84,Auvergne et Rhône-Alpes,Tous,Hommes,648.0,16.6,16.8
2019,84,Auvergne et Rhône-Alpes,Tous,Femmes,214.0,5.2,5.3
2019,84,Auvergne et Rhône-Alpes,45-64 ans,Hommes et Femmes,352.0,17.0,
2019,84,Auvergne et Rhône-Alpes,65 ans et plus,Hommes et Femmes,287.0,17.9,
2019,84,Auvergne et Rhône-Alpes,Tous,Hommes et Femmes,862.0,10.7,10.9
2020,84,Auvergne et Rhône-Alpes,Tous,Hommes,716.5,18.2,18.5
2020,84,Auvergne et Rhône-Alpes,18-24 ans,Femmes,8.0,2.5,
2020,84,Auvergne et Rhône-Alpes,25-44 ans,Femmes,44.0,4.5,
2020,84,Auvergne et Rhône-Alpes,18-24 ans,Hommes et Femmes,46.0,7.0,
2020,84,Auvergne et Rhône-Alpes,45-64 ans,Hommes et Femmes,385.0,18.6,
2021,84,Auvergne et Rhône-Alpes,25-44 ans,Femmes,40.0,4.0,
2021,84,Auvergne et Rhône-Alpes,45-64 ans,Femmes,98.0,9.3,
2021,84,Auvergne et Rhône-Alpes,Tous,Femmes,240.5,5.8,5.9
2021,84,Auvergne et Rhône-Alpes,00-10 ans,Hommes et Femmes,2.5,0.2,
2021,84,Auvergne et Rhône-Alpes,45-64 ans,Hommes et Femmes,388.0,18.7,
2021,84,Auvergne et Rhône-Alpes,65 ans et plus,Hommes et Femmes,317.5,19.2,
2022,84,Auvergne et Rhône-Alpes,00-10 ans,Hommes,0.0,0.0,
2022,84,Auvergne et Rhône-Alpes,45-64 ans,Hommes,293.0,28.6,
2022,84,Auvergne et Rhône-Alpes,65 ans et plus,Hommes,282.0,38.6,
2022,84,Auvergne et Rhône-Alpes,18-24 ans,Femmes,13.0,4.0,
2022,84,Auvergne et Rhône-Alpes,18-24 ans,Hommes et Femmes,47.0,7.1,
2022,84,Auvergne et Rhône-Alpes,25-44 ans,Hommes et Femmes,214.0,10.7,
2022,84,Auvergne et Rhône-Alpes,65 ans et plus,Hommes et Femmes,378.0,22.5,
2023,84,Auvergne et Rhône-Alpes,00-10 ans,Hommes,2.5,0.5,
2023,84,Auvergne et Rhône-Alpes,11-17 ans,Hommes,8.75,2.3,
2023,84,Auvergne et Rhône-Alpes,18-24 ans,Hommes,24.0,7.0,
2023,84,Auvergne et Rhône-Alpes,45-64 ans,Hommes,233.0,22.7,
2023,84,Auvergne et Rhône-Alpes,Tous,Hommes,679.0,17.0,17.1
2023,84,Auvergne et Rhône-Alpes,65 ans et plus,Femmes,84.0,8.7,
2023,84,Auvergne et Rhône-Alpes,Tous,Femmes,238.0,5.7,5.7
2023,84,Auvergne et Rhône-Alpes,00-10 ans,Hommes et Femmes,2.5,0.2,
2023,84,Auvergne et Rhône-Alpes,11-17 ans,Hommes et Femmes,14.75,2.0,
2023,84,Auvergne et Rhône-Alpes,18-24 ans,Hommes et Femmes,33.0,5.0,
2023,84,Auvergne et Rhône-Alpes,65 ans et plus,Hommes et Femmes,336.0,19.7,
2023,84,Auvergne et Rhône-Alpes,Tous,Hommes et Femmes,917.0,11.2,11.2
2019,93,Provence-Alpes-Côte d'Azur,11-17 ans,Hommes,2.5,1.2,
2019,93,Provence-Alpes-Côte d'Azur,25-44 ans,Hommes,90.5,16.0,
2019,93,Provence-Alpes-Côte d'Azur,45-64 ans,Hommes,176.0,27.5,
2019,93,Provence-Alpes-Côte d'Azur,65 ans et plus,Hommes,181.0,36.0,
2019,93,Provence-Alpes-Côte d'Azur,11-17 ans,Femmes,6.0,3.0,
2019,93,Provence-Alpes-Côte d'Azur,65 ans et plus,Femmes,74.0,11.1,
2019,93,Provence-Alpes-Côte d'Azur,Tous,Femmes,194.5,7.3,7.1
2019,93,Provence-Alpes-Côte d'Azur,00-10 ans,Hommes et Femmes,0.0,0.0,
2019,93,Provence-Alpes-Côte d'Azur,Tous,Hommes et Femmes,661.5,13.0,12.7
2020,93,Provence-Alpes-Côte d'Azur,11-17 ans,Femmes,0.0,0.0,
2020,93,Provence-Alpes-Côte d'Azur,11-17 ans,Hommes et Femmes,2.5,0.6,
2020,93,Provence-Alpes-Côte d'Azur,65 ans et plus,Hommes et Femmes,239.5,20.0,
2020,93,Provence-Alpes-Côte d'Azur,Tous,Hommes et Femmes,616.5,12.1,11.8
2021,93,Provence-Alpes-Côte d'Azur,Tous,Hommes,478.5,19.5,18.8
2021,93,Provence-Alpes-Côte d'Azur,11-17 ans,Femmes,2.5,1.3,
2021,93,Provence-Alpes-Côte d'Azur,65 ans et plus,Femmes,67.0,9.7,
2021,93,Provence-Alpes-Côte d'Azur,11-17 ans,Hommes et Femmes,7.0,1.7,
2022,93,Provence-Alpes-Côte d'Azur,11-17 ans,Femmes,2.5,1.2,
2023,93,Provence-Alpes-Côte d'Azur,00-10 ans,Femmes,0.0,0.0,
2023,93,Provence-Alpes-Côte d'Azur,18-24 ans,Femmes,2.5,1.3,
2023,93,Provence-Alpes-Côte d'Azur,25-44 ans,Femmes,28.0,4.5,
2023,93,Provence-Alpes-Côte d'Azur,65 ans et plus,Femmes,53.0,7.4,
2023,93,Provence-Alpes-Côte d'Azur,Tous,Femmes,160.0,5.9,5.7
2023,93,Provence-Alpes-Côte d'Azur,00-10 ans,Hommes et Femmes,0.0,0.0,
2023,93,Provence-Alpes-Côte d'Azur,11-17 ans,Hommes et Femmes,6.0,1.4,
2023,93,Provence-Alpes-Côte d'Azur,45-64 ans,Hommes et Femmes,249.5,18.5,
2019,94,Corse,00-10 ans,Hommes,0.0,0.0,
2019,94,Corse,45-64 ans,Hommes,6.0,13.1,
2019,94,Corse,65 ans et plus,Hommes,9.5,26.3,
2019,94,Corse,18-24 ans,Femmes,0.0,0.0,
2019,94,Corse,25-44 ans,Femmes,2.5,5.9,
2019,94,Corse,65 ans et plus,Femmes,2.5,5.7,
2019,94,Corse,11-17 ans,Hommes et Femmes,0.0,0.0,
2019,94,Corse,18-24 ans,Hommes et Femmes,2.5,11.1,
2019,94,Corse,25-44 ans,Hommes et Femmes,2.5,3.1,
2019,94,Corse,45-64 ans,Hommes et Femmes,9.5,10.2,
2019,94,Corse,65 ans et plus,Hommes et Femmes,14.5,18.0,
2019,94,Corse,Tous,Hommes et Femmes,28.5,8.4,8.1
2020,94,Corse,00-10 ans,Hommes,0.0,0.0,
2020,94,Corse,25-44 ans,Hommes,8.5,21.3,
2020,94,Corse,Tous,Hommes,35.0,21.0,19.6
2020,94,Corse,00-10 ans,Femmes,0.0,0.0,
2020,94,Corse,Tous,Femmes,6.0,3.4,3.2
2020,94,Corse,00-10 ans,Hommes et Femmes,0.0,0.0,
2020,94,Corse,11-17 ans,Hommes et Femmes,0.0,0.0,
2020,94,Corse,65 ans et plus,Hommes et Femmes,13.0,15.8,
2021,94,Corse,11-17 ans,Hommes,0.0,0.0,
2021,94,Corse,18-24 ans,Hommes,0.0,0.0,
2021,94,Corse,25-44 ans,Hommes,5.0,12.5,
2021,94,Corse,00-10 ans,Femmes,0.0,0.0,
2021,94,Corse,11-17 ans,Femmes,0.0,0.0,
2021,94,Corse,18-24 ans,Femmes,0.0,0.0,
2021,94,Corse,Tous,Femmes,10.0,5.6,5.9
2021,94,Corse,11-17 ans,Hommes et Femmes,0.0,0.0,
2021,94,Corse,25-44 ans,Hommes et Femmes,7.5,9.1,
2021,94,Corse,45-64 ans,Hommes et Femmes,18.5,19.6,
2021,94,Corse,Tous,Hommes et Femmes,40.0,11.5,10.9
2022,94,Corse,Tous,Hommes,31.5,18.5,17.7
2022,94,Corse,45-64 ans,Femmes,5.0,10.3,
2022,94,Corse,65 ans et plus,Femmes,2.5,5.3,
2022,94,Corse,45-64 ans,Hommes et Femmes,21.0,22.1,
2023,94,Corse,45-64 ans,Hommes,10.0,21.4,
2023,94,Corse,25-44 ans,Femmes,2.5,5.8,
2023,94,Corse,45-64 ans,Femmes,2.5,5.2,
2023,94,Corse,11-17 ans,Hommes et Femmes,0.0,0.0,
2019,01,Guadeloupe,25-44 ans,Hommes,5.0,15.1,
2019,01,Guadeloupe,65 ans et plus,Hommes,5.0,15.5,
2019,01,Guadeloupe,00-10 ans,Femmes,0.0,0.0,
2019,01,Guadeloupe,25-44 ans,Femmes,2.5,5.6,
2019,01,Guadeloupe,00-10 ans,Hommes et Femmes,0.0,0.0,
2019,01,Guadeloupe,11-17 ans,Hommes et Femmes,0.0,0.0,
2020,01,Guadeloupe,00-10 ans,Hommes,0.0,0.0,
2020,01,Guadeloupe,45-64 ans,Hommes,13.0,24.7,
2020,01,Guadeloupe,65 ans et plus,Hommes,11.0,32.8,
2020,01,Guadeloupe,Tous,Hommes,34.5,19.7,20.4
2020,01,Guadeloupe,25-44 ans,Femmes,2.5,5.6,
2020,01,Guadeloupe,00-10 ans,Hommes et Femmes,0.0,0.0,
2020,01,Guadeloupe,25-44 ans,Hommes et Femmes,10.5,13.7,
2020,01,Guadeloupe,Tous,Hommes et Femmes,42.0,11.0,11.1
2021,01,Guadeloupe,18-24 ans,Hommes,0.0,0.0,
2021,01,Guadeloupe,25-44 ans,Hommes,11.0,34.7,
2021,01,Guadeloupe,18-24 ans,Femmes,2.5,17.7,
2021,01,Guadeloupe,65 ans et plus,Femmes,2.5,5.5,
2021,01,Guadeloupe,00-10 ans,Hommes et Femmes,0.0,0.0,
2021,01,Guadeloupe,11-17 ans,Hommes et Femmes,0.0,0.0,
2021,01,Guadeloupe,25-44 ans,Hommes et Femmes,11.0,14.5,
2021,01,Guadeloupe,45-64 ans,Hommes et Femmes,17.5,14.9,
2022,01,Guadeloupe,18-24 ans,Hommes,0.0,0.0,
2022,01,Guadeloupe,45-64 ans,Hommes,5.0,9.5,
2022,01,Guadeloupe,65 ans et plus,Hommes,14.0,38.9,
2022,01,Guadeloupe,Tous,Hommes,26.0,14.8,15.3
2022,01,Guadeloupe,11-17 ans,Femmes,0.0,0.0,
2022,01,Guadeloupe,18-24 ans,Femmes,0.0,0.0,
2022,01,Guadeloupe,18-24 ans,Hommes et Femmes,0.0,0.0,
2022,01,Guadeloupe,25-44 ans,Hommes et Femmes,9.5,12.7,
2022,01,Guadeloupe,45-64 ans,Hommes et Femmes,7.5,6.4,
2022,01,Guadeloupe,65 ans et plus,Hommes et Femmes,16.5,19.9,
2023,01,Guadeloupe,00-10 ans,Hommes,0.0,0.0,
2023,01,Guadeloupe,45-64 ans,Hommes,10.0,19.1,
2023,01,Guadeloupe,65 ans et plus,Hommes,5.0,13.4,
2023,01,Guadeloupe,Tous,Hommes,22.0,12.6,13.0
2023,01,Guadeloupe,18-24 ans,Femmes,0.0,0.0,
2023,01,Guadeloupe,25-44 ans,Femmes,2.5,5.8,
2023,01,Guadeloupe,18-24 ans,Hommes et Femmes,0.0,0.0,
2023,01,Guadeloupe,25-44 ans,Hommes et Femmes,9.5,12.8,
2023,01,Guadeloupe,45-64 ans,Hommes et Femmes,12.5,10.7,
2023,01,Guadeloupe,65 ans et plus,Hommes et Femmes,7.5,8.8,
2023,01,Guadeloupe,Tous,Hommes et Femmes,30.0,7.8,8.5
2019,02,Martinique,18-24 ans,Hommes,0.0,0.0,
2019,02,Martinique,45-64 ans,Hommes,9.0,17.1,
2019,02,Martinique,18-24 ans,Femmes,2.5,19.5,
2019,02,Martinique,25-44 ans,Femmes,2.5,6.1,
2019,02,Martinique,45-64 ans,Femmes,2.5,3.9,
2019,02,Martinique,18-24 ans,Hommes et Femmes,2.5,9.5,
2019,02,Martinique,65 ans et plus,Hommes et Femmes,9.5,12.3,
2020,02,Martinique,18-24 ans,Hommes,2.5,19.2,
2020,02,Martinique,Tous,Hommes,20.0,12.1,11.5
2020,02,Martinique,00-10 ans,Femmes,0.0,0.0,
2020,02,Martinique,18-24 ans,Femmes,0.0,0.0,
2020,02,Martinique,25-44 ans,Femmes,2.5,6.2,
2020,02,Martinique,45-64 ans,Femmes,2.5,3.9,
2020,02,Martinique,65 ans et plus,Femmes,2.5,5.6,
2020,02,Martinique,65 ans et plus,Hommes et Femmes,10.5,13.3,
2021,02,Martinique,65 ans et plus,Hommes,7.0,19.9,
2021,02,Martinique,Tous,Hommes,19.0,11.5,11.4
2021,02,Martinique,45-64 ans,Femmes,2.5,4.0,
2021,02,Martinique,Tous,Femmes,2.5,1.3,1.2
2021,02,Martinique,00-10 ans,Hommes et Femmes,0.0,0.0,
2021,02,Martinique,18-24 ans,Hommes et Femmes,0.0,0.0,
2021,02,Martinique,25-44 ans,Hommes et Femmes,5.0,7.2,
2022,02,Martinique,00-10 ans,Hommes,0.0,0.0,
2022,02,Martinique,11-17 ans,Hommes,0.0,0.0,
2022,02,Martinique,18-24 ans,Hommes,0.0,0.0,
2022,02,Martinique,Tous,Hommes,17.5,10.6,11.0
2022,02,Martinique,00-10 ans,Femmes,0.0,0.0,
2022,02,Martinique,25-44 ans,Femmes,2.5,6.2,
2022,02,Martinique,Tous,Femmes,7.0,3.6,3.6
2022,02,Martinique,00-10 ans,Hommes et Femmes,0.0,0.0,
2022,02,Martinique,18-24 ans,Hommes et Femmes,0.0,0.0,
2022,02,Martinique,25-44 ans,Hommes et Femmes,7.0,10.0,
2022,02,Martinique,Tous,Hommes et Femmes,27.0,7.5,7.2
2023,02,Martinique,18-24 ans,Hommes,2.5,20.8,
2023,02,Martinique,25-44 ans,Hommes,5.0,16.8,
2023,02,Martinique,11-17 ans,Femmes,0.0,0.0,
2023,02,Martinique,45-64 ans,Femmes,2.5,4.1,
2023,02,Martinique,65 ans et plus,Femmes,2.5,5.1,
2023,02,Martinique,Tous,Femmes,8.0,4.1,4.0
2023,02,Martinique,25-44 ans,Hommes et Femmes,7.5,10.7,
2023,02,Martinique,45-64 ans,Hommes et Femmes,12.5,11.2,
2023,02,Martinique,Tous,Hommes et Femmes,32.5,9.0,8.6
2019,03,Guyane,18-24 ans,Hommes,2.5,17.3,
2019,03,Guyane,00-10 ans,Hommes et Femmes,0.0,0.0,
2019,03,Guyane,18-24 ans,Hommes et Femmes,2.5,8.5,
2020,03,Guyane,00-10 ans,Hommes,2.5,7.4,
2020,03,Guyane,18-24 ans,Hommes,2.5,16.9,
2020,03,Guyane,Tous,Hommes,9.0,6.5,7.9
2020,03,Guyane,18-24 ans,Femmes,0.0,0.0,
2020,03,Guyane,45-64 ans,Femmes,2.5,9.2,
2020,03,Guyane,18-24 ans,Hommes et Femmes,2.5,8.3,
2020,03,Guyane,25-44 ans,Hommes et Femmes,2.5,3.3,
2020,03,Guyane,65 ans et plus,Hommes et Femmes,2.5,14.4,
2020,03,Guyane,Tous,Hommes et Femmes,15.0,5.3,5.3
2021,03,Guyane,45-64 ans,Hommes,6.0,23.0,
2021,03,Guyane,65 ans et plus,Hommes,2.5,28.9,
2021,03,Guyane,Tous,Hommes,15.0,10.8,16.2
2021,03,Guyane,18-24 ans,Femmes,0.0,0.0,
2022,03,Guyane,11-17 ans,Hommes,0.0,0.0,
2022,03,Guyane,25-44 ans,Femmes,2.5,6.0,
2022,03,Guyane,Tous,Femmes,6.0,4.0,4.1
2022,03,Guyane,45-64 ans,Hommes et Femmes,5.0,9.2,
2022,03,Guyane,65 ans et plus,Hommes et Femmes,5.0,25.9,
2022,03,Guyane,Tous,Hommes et Femmes,21.0,7.3,10.8
2023,03,Guyane,25-44 ans,Hommes,10.0,28.3,
2023,03,Guyane,Tous,Hommes,21.0,14.9,18.4
2023,03,Guyane,45-64 ans,Femmes,0.0,0.0,
2023,03,Guyane,11-17 ans,Hommes et Femmes,0.0,0.0,
2023,03,Guyane,45-64 ans,Hommes et Femmes,6.0,10.9,
2023,03,Guyane,Tous,Hommes et Femmes,26.0,9.0,10.4
2019,04,Réunion,65 ans et plus,Hommes,18.0,39.1,
2019,04,Réunion,Tous,Hommes,75.0,18.2,21.2
2019,04,Réunion,18-24 ans,Femmes,2.5,6.6,
2019,04,Réunion,11-17 ans,Hommes et Femmes,2.5,2.6,
2019,04,Réunion,18-24 ans,Hommes et Femmes,2.5,3.3,
2019,04,Réunion,25-44 ans,Hommes et Femmes,39.0,18.3,
2020,04,Réunion,18-24 ans,Hommes,2.5,6.7,
2020,04,Réunion,25-44 ans,Hommes,25.0,26.1,
2020,04,Réunion,65 ans et plus,Hommes,10.0,20.5,
2020,04,Réunion,Tous,Hommes,71.0,17.2,18.5
2020,04,Réunion,18-24 ans,Hommes et Femmes,5.0,6.7,
2020,04,Réunion,45-64 ans,Hommes et Femmes,41.0,17.6,
2021,04,Réunion,18-24 ans,Hommes,5.0,13.5,
2021,04,Réunion,25-44 ans,Hommes,18.0,18.8,
2021,04,Réunion,Tous,Hommes,59.5,14.3,15.1
2021,04,Réunion,00-10 ans,Femmes,0.0,0.0,
2021,04,Réunion,65 ans et plus,Femmes,0.0,0.0,
2021,04,Réunion,Tous,Femmes,13.0,2.9,3.0
2021,04,Réunion,18-24 ans,Hommes et Femmes,7.5,10.0,
2022,04,Réunion,00-10 ans,Hommes,0.0,0.0,
2022,04,Réunion,18-24 ans,Hommes,2.5,6.7,
2022,04,Réunion,25-44 ans,Hommes,11.0,11.5,
2022,04,Réunion,45-64 ans,Hommes,21.0,18.3,
2022,04,Réunion,00-10 ans,Femmes,0.0,0.0,
2022,04,Réunion,11-17 ans,Femmes,0.0,0.0,
2022,04,Réunion,65 ans et plus,Femmes,2.5,3.7,
2022,04,Réunion,18-24 ans,Hommes et Femmes,2.5,3.3,
2022,04,Réunion,25-44 ans,Hommes et Femmes,17.0,8.0,
2022,04,Réunion,45-64 ans,Hommes et Femmes,34.0,14.3,
2023,04,Réunion,00-10 ans,Hommes,0.0,0.0,
2023,04,Réunion,25-44 ans,Hommes,27.0,28.3,
2023,04,Réunion,Tous,Hommes,70.5,16.7,17.7
2023,04,Réunion,11-17 ans,Femmes,0.0,0.0,
2023,04,Réunion,25-44 ans,Femmes,2.5,2.1,
2023,04,Réunion,Tous,Femmes,10.0,2.2,2.3
2023,04,Réunion,18-24 ans,Hommes et Femmes,2.5,3.3,
2023,04,Réunion,25-44 ans,Hommes et Femmes,29.5,13.9,
2023,04,Réunion,65 ans et plus,Hommes et Femmes,13.5,10.5,
2019,06,Mayotte,18-24 ans,Hommes,2.5,21.9,
2019,06,Mayotte,25-44 ans,Hommes,2.5,8.4,
2019,06,Mayotte,65 ans et plus,Hommes,0.0,0.0,
2019,06,Mayotte,11-17 ans,Femmes,0.0,0.0,
2019,06,Mayotte,25-44 ans,Femmes,2.5,6.3,
2019,06,Mayotte,Tous,Femmes,2.5,1.8,0.6
2019,06,Mayotte,11-17 ans,Hommes et Femmes,0.0,0.0,
2020,06,Mayotte,25-44 ans,Hommes,2.5,8.1,
2020,06,Mayotte,65 ans et plus,Hommes,0.0,0.0,
2020,06,Mayotte,11-17 ans,Femmes,0.0,0.0,
2020,06,Mayotte,65 ans et plus,Femmes,0.0,0.0,
2020,06,Mayotte,00-10 ans,Hommes et Femmes,0.0,0.0,
2020,06,Mayotte,11-17 ans,Hommes et Femmes,0.0,0.0,
2020,06,Mayotte,25-44 ans,Hommes et Femmes,2.5,3.5,
2021,06,Mayotte,65 ans et plus,Femmes,0.0,0.0,
2021,06,Mayotte,Tous,Femmes,0.0,0.0,0.0
2021,06,Mayotte,25-44 ans,Hommes et Femmes,2.5,3.4,
2022,06,Mayotte,11-17 ans,Hommes,2.5,9.8,
2022,06,Mayotte,18-24 ans,Hommes,0.0,0.0,
2022,06,Mayotte,25-44 ans,Femmes,0.0,0.0,
2022,06,Mayotte,45-64 ans,Femmes,2.5,15.3,
2022,06,Mayotte,Tous,Femmes,2.5,1.6,1.9
2022,06,Mayotte,25-44 ans,Hommes et Femmes,2.5,3.2,
2022,06,Mayotte,65 ans et plus,Hommes et Femmes,0.0,0.0,
2023,06,Mayotte,65 ans et plus,Hommes,0.0,0.0,
2023,06,Mayotte,Tous,Hommes,2.5,1.7,3.5
2023,06,Mayotte,25-44 ans,Femmes,2.5,5.5,
2023,06,Mayotte,45-64 ans,Femmes,0.0,0.0,
2023,06,Mayotte,65 ans et plus,Femmes,0.0,0.0,
2023,06,Mayotte,Tous,Hommes et Femmes,2.5,0.8,2.0
2019,11,Île-de-France,00-10 ans,Hommes,0.0,0.0,
2019,11,Île-de-France,18-24 ans,Hommes,38.0,7.2,
2019,11,Île-de-France,45-64 ans,Hommes,247.0,16.9,
2019,11,Île-de-France,65 ans et plus,Hommes,192.0,24.4,
2019,11,Île-de-France,Tous,Hommes,703.0,11.9,12.9
2019,11,Île-de-France,00-10 ans,Femmes,0.0,0.0,
2019,11,Île-de-France,11-17 ans,Femmes,6.0,1.1,
2019,11,Île-de-France,25-44 ans,Femmes,72.0,4.0,
2019,11,Île-de-France,Tous,Femmes,307.0,4.8,5.2
2019,11,Île-de-France,45-64 ans,Hommes et Femmes,380.0,12.6,
2020,11,Île-de-France,00-10 ans,Hommes,2.5,0.3,
2020,11,Île-de-France,11-17 ans,Hommes,10.75,1.9,
2020,11,Île-de-France,45-64 ans,Hommes,260.0,17.7,
2020,11,Île-de-France,18-24 ans,Femmes,21.0,3.9,
2020,11,Île-de-France,25-44 ans,Femmes,50.0,2.8,
2020,11,Île-de-France,45-64 ans,Hommes et Femmes,402.0,13.3,
2020,11,Île-de-France,65 ans et plus,Hommes et Femmes,278.0,14.7,
2021,11,Île-de-France,00-10 ans,Hommes,0.0,0.0,
2021,11,Île-de-France,25-44 ans,Hommes,199.0,11.9,
2021,11,Île-de-France,45-64 ans,Hommes,212.0,14.4,
2021,11,Île-de-France,00-10 ans,Femmes,0.0,0.0,
2021,11,Île-de-France,25-44 ans,Femmes,64.5,3.6,
2021,11,Île-de-France,65 ans et plus,Femmes,109.0,10.0,
2021,11,Île-de-France,11-17 ans,Hommes et Femmes,19.0,1.7,
2021,11,Île-de-France,25-44 ans,Hommes et Femmes,263.5,7.6,
2022,11,Île-de-France,00-10 ans,Hommes,0.0,0.0,
2022,11,Île-de-France,25-44 ans,Hommes,175.0,10.4,
2022,11,Île-de-France,25-44 ans,Femmes,58.5,3.3,
2022,11,Île-de-France,11-17 ans,Hommes et Femmes,20.0,1.8,
2022,11,Île-de-France,45-64 ans,Hommes et Femmes,330.0,10.9,
2022,11,Île-de-France,65 ans et plus,Hommes et Femmes,286.0,14.7,
2022,11,Île-de-France,Tous,Hommes et Femmes,941.5,7.6,8.2
2023,11,Île-de-France,00-10 ans,Femmes,0.0,0.0,
2023,11,Île-de-France,11-17 ans,Femmes,7.0,1.3,
2023,11,Île-de-France,45-64 ans,Femmes,115.0,7.4,
2019,24,Centre-Val de Loire,18-24 ans,Hommes,7.0,7.2,
2019,24,Centre-Val de Loire,45-64 ans,Hommes,115.0,34.2,
2019,24,Centre-Val de Loire,65 ans et plus,Hommes,122.0,48.4,
2019,24,Centre-Val de Loire,18-24 ans,Femmes,2.5,2.7,
2019,24,Centre-Val de Loire,25-44 ans,Femmes,11.0,3.8,
2019,24,Centre-Val de Loire,45-64 ans,Femmes,36.0,10.3,
2019,24,Centre-Val de Loire,00-10 ans,Hommes et Femmes,0.0,0.0,
2019,24,Centre-Val de Loire,18-24 ans,Hommes et Femmes,9.5,5.1,
2019,24,Centre-Val de Loire,25-44 ans,Hommes et Femmes,74.0,12.9,
2020,24,Centre-Val de Loire,45-64 ans,Hommes,110.0,32.9,
2020,24,Centre-Val de Loire,65 ans et plus,Hommes,131.0,50.9,
2020,24,Centre-Val de Loire,00-10 ans,Femmes,0.0,0.0,
2020,24,Centre-Val de Loire,11-17 ans,Femmes,0.0,0.0,
2020,24,Centre-Val de Loire,18-24 ans,Femmes,2.5,2.7,
2020,24,Centre-Val de Loire,18-24 ans,Hommes et Femmes,12.5,6.6,
2021,24,Centre-Val de Loire,11-17 ans,Hommes,5.0,4.3,
2021,24,Centre-Val de Loire,18-24 ans,Femmes,2.5,2.7,
2021,24,Centre-Val de Loire,25-44 ans,Hommes et Femmes,71.0,12.5,
2021,24,Centre-Val de Loire,45-64 ans,Hommes et Femmes,133.0,19.6,
2021,24,Centre-Val de Loire,65 ans et plus,Hommes et Femmes,160.0,26.8,
2021,24,Centre-Val de Loire,Tous,Hommes et Femmes,380.5,14.8,14.6
2022,24,Centre-Val de Loire,00-10 ans,Hommes,0.0,0.0,
2022,24,Centre-Val de Loire,11-17 ans,Hommes,2.5,2.1,
2022,24,Centre-Val de Loire,18-24 ans,Hommes,11.0,11.1,
2022,24,Centre-Val de Loire,Tous,Hommes,320.0,25.5,24.6
2022,24,Centre-Val de Loire,18-24 ans,Femmes,2.5,2.7,
2022,24,Centre-Val de Loire,25-44 ans,Femmes,14.0,4.8,
2022,24,Centre-Val de Loire,65 ans et plus,Femmes,38.5,11.3,
2022,24,Centre-Val de Loire,Tous,Femmes,97.0,7.3,7.1
2022,24,Centre-Val de Loire,00-10 ans,Hommes et Femmes,0.0,0.0,
2022,24,Centre-Val de Loire,18-24 ans,Hommes et Femmes,13.5,7.1,
2022,24,Centre-Val de Loire,25-44 ans,Hommes et Femmes,65.5,11.4,
2023,24,Centre-Val de Loire,25-44 ans,Hommes,59.0,20.8,
2023,24,Centre-Val de Loire,65 ans et plus,Hommes,125.0,46.8,
2023,24,Centre-Val de Loire,11-17 ans,Femmes,2.5,2.3,
2023,24,Centre-Val de Loire,65 ans et plus,Femmes,33.0,9.6,
2023,24,Centre-Val de Loire,Tous,Femmes,81.0,6.1,6.0
2023,24,Centre-Val de Loire,25-44 ans,Hommes et Femmes,76.0,13.2,
2023,24,Centre-Val de Loire,Tous,Hommes et Femmes,386.5,15.0,14.5
2019,27,Bourgogne et Franche-Comté,25-44 ans,Hommes,75.0,24.2,
2019,27,Bourgogne et Franche-Comté,Tous,Hommes,342.0,25.0,24.4
2019,27,Bourgogne et Franche-Comté,00-10 ans,Femmes,0.0,0.0,
2019,27,Bourgogne et Franche-Comté,65 ans et plus,Femmes,39.0,10.7,
2019,27,Bourgogne et Franche-Comté,18-24 ans,Hommes et Femmes,17.5,8.3,
2019,27,Bourgogne et Franche-Comté,25-44 ans,Hommes et Femmes,96.0,15.5,
2019,27,Bourgogne et Franche-Comté,45-64 ans,Hommes et Femmes,167.0,22.2,
2019,27,Bourgogne et Franche-Comté,Tous,Hommes et Femmes,438.0,15.6,15.1
2020,27,Bourgogne et Franche-Comté,11-17 ans,Hommes,2.5,2.0,
2020,27,Bourgogne et Franche-Comté,18-24 ans,Hommes,17.0,15.2,
2020,27,Bourgogne et Franche-Comté,45-64 ans,Hommes,119.0,32.4,
2020,27,Bourgogne et Franche-Comté,00-10 ans,Femmes,0.0,0.0,
2020,27,Bourgogne et Franche-Comté,45-64 ans,Femmes,42.0,11.0,
2020,27,Bourgogne et Franche-Comté,Tous,Femmes,112.0,7.8,7.6
2020,27,Bourgogne et Franche-Comté,18-24 ans,Hommes et Femmes,19.5,9.2,
2021,27,Bourgogne et Franche-Comté,00-10 ans,Hommes,0.0,0.0,
2021,27,Bourgogne et Franche-Comté,18-24 ans,Hommes,14.0,12.5,
2021,27,Bourgogne et Franche-Comté,25-44 ans,Hommes,75.5,24.6,
2021,27,Bourgogne et Franche-Comté,00-10 ans,Femmes,0.0,0.0,
2021,27,Bourgogne et Franche-Comté,11-17 ans,Femmes,2.5,2.2,
2021,27,Bourgogne et Franche-Comté,00-10 ans,Hommes et Femmes,0.0,0.0,
2021,27,Bourgogne et Franche-Comté,18-24 ans,Hommes et Femmes,16.5,7.8,
2021,27,Bourgogne et Franche-Comté,25-44 ans,Hommes et Femmes,90.5,14.7,
2022,27,Bourgogne et Franche-Comté,11-17 ans,Hommes,2.5,2.0,
2022,27,Bourgogne et Franche-Comté,25-44 ans,Hommes,89.0,28.7,
2022,27,Bourgogne et Franche-Comté,11-17 ans,Femmes,2.5,2.2,
2022,27,Bourgogne et Franche-Comté,00-10 ans,Hommes et Femmes,0.0,0.0,
2023,27,Bourgogne et Franche-Comté,18-24 ans,Hommes,11.0,9.8,
2023,27,Bourgogne et Franche-Comté,25-44 ans,Hommes,80.0,25.8,
2023,27,Bourgogne et Franche-Comté,45-64 ans,Hommes,128.0,35.5,
2023,27,Bourgogne et Franche-Comté,65 ans et plus,Hommes,124.5,41.8,
2023,27,Bourgogne et Franche-Comté,18-24 ans,Femmes,8.0,8.0,
2023,27,Bourgogne et Franche-Comté,25-44 ans,Hommes et Femmes,106.0,17.1,
2023,27,Bourgogne et Franche-Comté,45-64 ans,Hommes et Femmes,167.0,22.8,
2019,28,Normandie,11-17 ans,Hommes,2.5,1.6,
2019,28,Normandie,65 ans et plus,Hommes,154.0,50.5,
2019,28,Normandie,11-17 ans,Hommes et Femmes,7.0,2.4,
2019,28,Normandie,25-44 ans,Hommes et Femmes,120.0,15.9,
2019,28,Normandie,65 ans et plus,Hommes et Femmes,197.5,27.6,
2019,28,Normandie,Tous,Hommes et Femmes,594.0,17.9,17.8
2020,28,Normandie,00-10 ans,Femmes,0.0,0.0,
2020,28,Normandie,25-44 ans,Femmes,21.0,5.5,
2020,28,Normandie,00-10 ans,Hommes et Femmes,0.0,0.0,
2020,28,Normandie,11-17 ans,Hommes et Femmes,6.0,2.1,
2020,28,Normandie,45-64 ans,Hommes et Femmes,248.0,28.4,
2020,28,Normandie,65 ans et plus,Hommes et Femmes,218.5,30.0,
2021,28,Normandie,18-24 ans,Hommes,21.0,15.5,
2021,28,Normandie,45-64 ans,Hommes,183.0,43.2,
2021,28,Normandie,45-64 ans,Femmes,54.5,12.3,
2021,28,Normandie,65 ans et plus,Femmes,51.5,12.1,
2021,28,Normandie,00-10 ans,Hommes et Femmes,0.0,0.0,
2022,28,Normandie,18-24 ans,Hommes,15.5,11.4,
2022,28,Normandie,25-44 ans,Hommes,103.0,27.4,
2022,28,Normandie,00-10 ans,Femmes,0.0,0.0,
2022,28,Normandie,45-64 ans,Femmes,49.0,11.1,
2022,28,Normandie,65 ans et plus,Femmes,49.0,11.3,
2022,28,Normandie,00-10 ans,Hommes et Femmes,0.0,0.0,
2022,28,Normandie,18-24 ans,Hommes et Femmes,21.0,8.0,
2022,28,Normandie,65 ans et plus,Hommes et Femmes,198.0,26.2,
2022,28,Normandie,Tous,Hommes et Femmes,591.0,17.7,17.5
2023,28,Normandie,18-24 ans,Hommes,17.0,12.4,
2023,28,Normandie,25-44 ans,Hommes,83.0,22.0,
2023,28,Normandie,45-64 ans,Hommes,143.0,34.2,
2023,28,Normandie,Tous,Hommes,393.0,24.3,23.9
2023,28,Normandie,00-10 ans,Femmes,0.0,0.0,
2023,28,Normandie,11-17 ans,Femmes,2.5,1.8,
2023,28,Normandie,18-24 ans,Hommes et Femmes,19.5,7.4,
2023,28,Normandie,Tous,Hommes et Femmes,520.5,15.6,15.3
2019,32,Hauts-de-France,00-10 ans,Hommes,2.5,0.6,
2019,32,Hauts-de-France,65 ans et plus,Hommes,154.0,33.7,
2019,32,Hauts-de-France,Tous,Hommes,663.0,22.8,23.7
2019,32,Hauts-de-France,18-24 ans,Femmes,8.0,3.1,
2019,32,Hauts-de-France,Tous,Femmes,195.5,6.3,6.6
2019,32,Hauts-de-France,18-24 ans,Hommes et Femmes,40.0,7.7,
2019,32,Hauts-de-France,45-64 ans,Hommes et Femmes,383.5,25.0,
2019,32,Hauts-de-France,Tous,Hommes et Femmes,858.5,14.3,14.9
2020,32,Hauts-de-France,25-44 ans,Hommes,175.0,24.3,
2020,32,Hauts-de-France,45-64 ans,Hommes,289.0,38.6,
2020,32,Hauts-de-France,65 ans et plus,Hommes,208.0,44.5,
2020,32,Hauts-de-France,65 ans et plus,Femmes,58.0,9.0,
2020,32,Hauts-de-France,00-10 ans,Hommes et Femmes,0.0,0.0,
2020,32,Hauts-de-France,65 ans et plus,Hommes et Femmes,266.0,23.9,
2020,32,Hauts-de-France,Tous,Hommes et Femmes,931.5,15.5,16.2
2021,32,Hauts-de-France,00-10 ans,Hommes,0.0,0.0,
2021,32,Hauts-de-France,11-17 ans,Hommes,9.0,3.1,
2021,32,Hauts-de-France,00-10 ans,Hommes et Femmes,0.0,0.0,
2021,32,Hauts-de-France,65 ans et plus,Hommes et Femmes,265.0,23.4,
2022,32,Hauts-de-France,11-17 ans,Hommes,5.0,1.7,
2022,32,Hauts-de-France,Tous,Hommes,706.5,24.3,25.1
2022,32,Hauts-de-France,11-17 ans,Femmes,5.0,1.8,
2022,32,Hauts-de-France,18-24 ans,Femmes,9.0,3.5,
2022,32,Hauts-de-France,25-44 ans,Femmes,53.0,7.2,
2022,32,Hauts-de-France,45-64 ans,Femmes,92.0,12.0,
2022,32,Hauts-de-France,Tous,Femmes,221.5,7.2,7.4
2022,32,Hauts-de-France,18-24 ans,Hommes et Femmes,39.0,7.4,
2022,32,Hauts-de-France,25-44 ans,Hommes et Femmes,247.0,16.9,
2022,32,Hauts-de-France,Tous,Hommes et Femmes,928.0,15.5,16.0
2023,32,Hauts-de-France,00-10 ans,Hommes,0.0,0.0,
2023,32,Hauts-de-France,11-17 ans,Hommes,6.0,2.1,
2023,32,Hauts-de-France,18-24 ans,Hommes,24.0,9.0,
2023,32,Hauts-de-France,25-44 ans,Hommes,173.0,24.0,
2023,32,Hauts-de-France,Tous,Hommes,671.0,23.1,23.9
2023,32,Hauts-de-France,00-10 ans,Femmes,0.0,0.0,
2023,32,Hauts-de-France,11-17 ans,Hommes et Femmes,13.0,2.3,
2023,32,Hauts-de-France,18-24 ans,Hommes et Femmes,37.5,7.1,
2023,32,Hauts-de-France,45-64 ans,Hommes et Femmes,338.0,22.5,
2023,32,Hauts-de-France,Tous,Hommes et Femmes,881.5,14.7,15.2
2019,44,Grand Est,00-10 ans,Hommes,0.0,0.0,
2019,44,Grand Est,18-24 ans,Hommes,17.0,7.3,
2019,44,Grand Est,45-64 ans,Hommes,218.0,29.5,
2019,44,Grand Est,18-24 ans,Femmes,5.0,2.3,
2019,44,Grand Est,25-44 ans,Femmes,38.0,5.7,
2019,44,Grand Est,45-64 ans,Femmes,74.0,9.7,
2019,44,Grand Est,11-17 ans,Hommes et Femmes,6.0,1.3,
2019,44,Grand Est,18-24 ans,Hommes et Femmes,22.0,4.9,
2020,44,Grand Est,25-44 ans,Hommes,135.5,20.6,
2020,44,Grand Est,65 ans et plus,Hommes,193.0,38.7,
2020,44,Grand Est,45-64 ans,Femmes,74.0,9.7,
2020,44,Grand Est,65 ans et plus,Femmes,47.0,7.2,
2020,44,Grand Est,00-10 ans,Hommes et Femmes,2.5,0.4,
2020,44,Grand Est,25-44 ans,Hommes et Femmes,184.5,13.9,
2020,44,Grand Est,65 ans et plus,Hommes et Femmes,240.0,20.9,
2021,44,Grand Est,00-10 ans,Hommes,2.5,0.7,
2021,44,Grand Est,11-17 ans,Hommes,5.75,2.4,
2021,44,Grand Est,Tous,Hommes,583.0,21.5,21.2
2022,44,Grand Est,11-17 ans,Hommes,2.5,1.0,
2022,44,Grand Est,45-64 ans,Hommes,202.0,27.9,
2022,44,Grand Est,00-10 ans,Femmes,0.0,0.0,
2022,44,Grand Est,11-17 ans,Femmes,2.5,1.1,
2022,44,Grand Est,45-64 ans,Femmes,80.0,10.7,
2022,44,Grand Est,Tous,Femmes,182.5,6.4,6.3
2022,44,Grand Est,25-44 ans,Hommes et Femmes,187.0,14.0,
2023,44,Grand Est,18-24 ans,Hommes,31.0,13.2,
2023,44,Grand Est,25-44 ans,Hommes,145.0,21.8,
2023,44,Grand Est,Tous,Hommes,571.0,21.1,20.7
2023,44,Grand Est,00-10 ans,Femmes,0.0,0.0,
2023,44,Grand Est,11-17 ans,Femmes,2.5,1.1,
2023,44,Grand Est,25-44 ans,Femmes,26.0,3.9,
2023,44,Grand Est,45-64 ans,Hommes et Femmes,283.0,19.4,
2019,52,Pays de la Loire,00-10 ans,Hommes,0.0,0.0,
2019,52,Pays de la Loire,45-64 ans,Hommes,197.0,41.0,
2019,52,Pays de la Loire,00-10 ans,Femmes,0.0,0.0,
2019,52,Pays de la Loire,25-44 ans,Femmes,21.0,4.7,
2019,52,Pays de la Loire,00-10 ans,Hommes et Femmes,0.0,0.0,
2019,52,Pays de la Loire,11-17 ans,Hommes et Femmes,6.0,1.7,
2019,52,Pays de la Loire,Tous,Hommes et Femmes,614.5,16.1,16.3
2020,52,Pays de la Loire,00-10 ans,Hommes,0.0,0.0,
2020,52,Pays de la Loire,18-24 ans,Hommes,20.0,12.5,
2020,52,Pays de la Loire,25-44 ans,Hommes,114.0,25.8,
2020,52,Pays de la Loire,45-64 ans,Hommes,185.0,38.3,
2020,52,Pays de la Loire,25-44 ans,Femmes,20.0,4.5,
2020,52,Pays de la Loire,Tous,Femmes,149.0,7.6,7.6
2020,52,Pays de la Loire,00-10 ans,Hommes et Femmes,0.0,0.0,
2020,52,Pays de la Loire,45-64 ans,Hommes et Femmes,239.5,24.4,
2021,52,Pays de la Loire,00-10 ans,Hommes,0.0,0.0,
2021,52,Pays de la Loire,11-17 ans,Hommes,6.0,3.3,
2021,52,Pays de la Loire,25-44 ans,Femmes,35.0,7.8,
2021,52,Pays de la Loire,Tous,Femmes,153.0,7.7,7.8
2021,52,Pays de la Loire,11-17 ans,Hommes et Femmes,8.5,2.4,
2021,52,Pays de la Loire,25-44 ans,Hommes et Femmes,137.5,15.3,
2021,52,Pays de la Loire,45-64 ans,Hommes et Femmes,226.0,23.0,
2022,52,Pays de la Loire,18-24 ans,Hommes,12.0,7.4,
2022,52,Pays de la Loire,Tous,Hommes,503.5,26.6,26.6
2022,52,Pays de la Loire,00-10 ans,Femmes,0.0,0.0,
2022,52,Pays de la Loire,11-17 ans,Femmes,2.5,1.4,
2022,52,Pays de la Loire,18-24 ans,Femmes,5.0,3.3,
2022,52,Pays de la Loire,45-64 ans,Femmes,69.5,14.0,
2022,52,Pays de la Loire,00-10 ans,Hommes et Femmes,0.0,0.0,
2022,52,Pays de la Loire,11-17 ans,Hommes et Femmes,5.0,1.4,
2022,52,Pays de la Loire,Tous,Hommes et Femmes,675.5,17.4,17.4
2023,52,Pays de la Loire,45-64 ans,Hommes,193.0,39.7,
2023,52,Pays de la Loire,65 ans et plus,Femmes,58.0,12.1,
2023,52,Pays de la Loire,11-17 ans,Hommes et Femmes,7.5,2.1,
2023,52,Pays de la Loire,18-24 ans,Hommes et Femmes,29.0,9.2,
2023,52,Pays de la Loire,45-64 ans,Hommes et Femmes,259.5,26.4,
2023,52,Pays de la Loire,65 ans et plus,Hommes et Femmes,205.0,24.1,
2023,52,Pays de la Loire,Tous,Hommes et Femmes,631.0,16.2,16.1
2019,53,Bretagne,25-44 ans,Hommes,150.0,40.1,
2019,53,Bretagne,25-44 ans,Femmes,18.0,4.8,
2019,53,Bretagne,45-64 ans,Femmes,79.0,17.5,
2019,53,Bretagne,Tous,Femmes,158.5,9.2,8.9
2019,53,Bretagne,00-10 ans,Hommes et Femmes,0.0,0.0,
2019,53,Bretagne,18-24 ans,Hommes et Femmes,23.0,8.8,
2019,53,Bretagne,45-64 ans,Hommes et Femmes,301.0,33.7,
2020,53,Bretagne,18-24 ans,Hommes,11.0,8.0,
2020,53,Bretagne,65 ans et plus,Hommes,161.0,49.1,
2020,53,Bretagne,Tous,Hommes,498.0,30.4,29.9
2020,53,Bretagne,45-64 ans,Femmes,76.0,16.8,
2020,53,Bretagne,18-24 ans,Hommes et Femmes,18.0,6.8,
2020,53,Bretagne,25-44 ans,Hommes et Femmes,149.5,20.0,
2021,53,Bretagne,11-17 ans,Hommes,5.0,3.3,
2021,53,Bretagne,65 ans et plus,Femmes,59.0,13.2,
2021,53,Bretagne,18-24 ans,Hommes et Femmes,31.5,11.9,
2021,53,Bretagne,45-64 ans,Hommes et Femmes,288.0,32.1,
2021,53,Bretagne,Tous,Hommes et Femmes,719.0,21.2,20.8
2022,53,Bretagne,65 ans et plus,Hommes,160.0,46.6,
2022,53,Bretagne,00-10 ans,Femmes,0.0,0.0,
2022,53,Bretagne,18-24 ans,Femmes,8.0,6.3,
2022,53,Bretagne,Tous,Femmes,164.0,9.3,9.1
2022,53,Bretagne,00-10 ans,Hommes et Femmes,0.0,0.0,
2022,53,Bretagne,45-64 ans,Hommes et Femmes,284.0,31.6,
2023,53,Bretagne,11-17 ans,Hommes,2.5,1.6,
2023,53,Bretagne,25-44 ans,Hommes,151.0,39.2,
2023,53,Bretagne,Tous,Hommes,573.5,34.2,33.4
2023,53,Bretagne,18-24 ans,Femmes,2.5,2.0,
2023,53,Bretagne,Tous,Hommes et Femmes,730.5,21.2,20.6
2019,75,Nouvelle Aquitaine,11-17 ans,Hommes,6.0,2.4,
2019,75,Nouvelle Aquitaine,45-64 ans,Hommes,260.0,33.0,
2019,75,Nouvelle Aquitaine,18-24 ans,Femmes,2.5,1.1,
2019,75,Nouvelle Aquitaine,45-64 ans,Femmes,73.0,8.7,
2019,75,Nouvelle Aquitaine,65 ans et plus,Femmes,84.5,10.3,
2019,75,Nouvelle Aquitaine,Tous,Femmes,212.0,6.8,6.5
2019,75,Nouvelle Aquitaine,00-10 ans,Hommes et Femmes,0.0,0.0,
2019,75,Nouvelle Aquitaine,25-44 ans,Hommes et Femmes,197.5,14.8,
2019,75,Nouvelle Aquitaine,65 ans et plus,Hommes et Femmes,371.5,25.8,
2020,75,Nouvelle Aquitaine,11-17 ans,Hommes,6.0,2.4,
2020,75,Nouvelle Aquitaine,25-44 ans,Hommes,133.5,20.4,
2020,75,Nouvelle Aquitaine,65 ans et plus,Hommes,283.0,44.6,
2020,75,Nouvelle Aquitaine,Tous,Femmes,222.0,7.1,6.8
2020,75,Nouvelle Aquitaine,18-24 ans,Hommes et Femmes,18.5,4.1,
2020,75,Nouvelle Aquitaine,Tous,Hommes et Femmes,929.5,15.4,14.6
2021,75,Nouvelle Aquitaine,65 ans et plus,Hommes,338.0,52.2,
2021,75,Nouvelle Aquitaine,00-10 ans,Femmes,0.0,0.0,
2021,75,Nouvelle Aquitaine,25-44 ans,Femmes,40.0,5.9,
2021,75,Nouvelle Aquitaine,65 ans et plus,Femmes,94.0,11.1,
2021,75,Nouvelle Aquitaine,45-64 ans,Hommes et Femmes,329.5,20.3,
2022,75,Nouvelle Aquitaine,00-10 ans,Hommes,0.0,0.0,
2022,75,Nouvelle Aquitaine,11-17 ans,Hommes,7.0,2.7,
2022,75,Nouvelle Aquitaine,18-24 ans,Femmes,10.0,4.6,
2022,75,Nouvelle Aquitaine,25-44 ans,Femmes,33.0,4.8,
2022,75,Nouvelle Aquitaine,65 ans et plus,Femmes,80.0,9.3,
2022,75,Nouvelle Aquitaine,11-17 ans,Hommes et Femmes,13.0,2.6,
2022,75,Nouvelle Aquitaine,25-44 ans,Hommes et Femmes,169.5,12.5,
2023,75,Nouvelle Aquitaine,11-17 ans,Hommes,2.5,1.0,
2023,75,Nouvelle Aquitaine,25-44 ans,Hommes,152.5,22.6,
2023,75,Nouvelle Aquitaine,45-64 ans,Hommes,268.0,34.0,
2023,75,Nouvelle Aquitaine,Tous,Hommes,739.0,24.9,23.5
2023,75,Nouvelle Aquitaine,45-64 ans,Femmes,92.0,11.1,
2023,75,Nouvelle Aquitaine,Tous,Hommes et Femmes,981.0,16.0,15.1
2019,76,Occitanie,00-10 ans,Hommes,0.0,0.0,
2019,76,Occitanie,11-17 ans,Hommes,2.5,1.0,
2019,76,Occitanie,18-24 ans,Hommes,15.0,6.2,
2019,76,Occitanie,45-64 ans,Hommes,230.0,30.3,
2019,76,Occitanie,00-10 ans,Femmes,0.0,0.0,
2019,76,Occitanie,25-44 ans,Femmes,31.0,4.5,
2019,76,Occitanie,65 ans et plus,Femmes,69.0,9.1,
2019,76,Occitanie,Tous,Hommes et Femmes,736.0,12.4,12.1
2020,76,Occitanie,11-17 ans,Hommes,2.5,1.0,
2020,76,Occitanie,00-10 ans,Femmes,0.0,0.0,
2020,76,Occitanie,65 ans et plus,Femmes,64.0,8.3,
2020,76,Occitanie,Tous,Femmes,169.5,5.5,5.3
2020,76,Occitanie,11-17 ans,Hommes et Femmes,5.0,1.0,
2020,76,Occitanie,25-44 ans,Hommes et Femmes,144.0,10.6,
2021,76,Occitanie,00-10 ans,Hommes,0.0,0.0,
2021,76,Occitanie,25-44 ans,Hommes,103.0,15.2,
2021,76,Occitanie,00-10 ans,Femmes,0.0,0.0,
2021,76,Occitanie,45-64 ans,Femmes,66.0,8.1,
2021,76,Occitanie,65 ans et plus,Femmes,52.0,6.6,
2021,76,Occitanie,25-44 ans,Hommes et Femmes,142.0,10.3,
2021,76,Occitanie,45-64 ans,Hommes et Femmes,289.0,18.3,
2021,76,Occitanie,65 ans et plus,Hommes et Femmes,283.5,20.3,
2022,76,Occitanie,45-64 ans,Hommes,220.5,28.7,
2022,76,Occitanie,65 ans et plus,Hommes,255.5,40.9,
2022,76,Occitanie,Tous,Hommes,655.0,22.3,21.5
2022,76,Occitanie,11-17 ans,Femmes,9.0,3.7,
2022,76,Occitanie,65 ans et plus,Femmes,70.0,8.8,
2022,76,Occitanie,11-17 ans,Hommes et Femmes,11.5,2.3,
2022,76,Occitanie,18-24 ans,Hommes et Femmes,39.0,8.1,
2022,76,Occitanie,45-64 ans,Hommes et Femmes,281.5,17.8,
2022,76,Occitanie,65 ans et plus,Hommes et Femmes,325.5,22.9,
2023,76,Occitanie,18-24 ans,Hommes,27.0,10.8,
2023,76,Occitanie,45-64 ans,Hommes,233.0,30.3,
2023,76,Occitanie,11-17 ans,Femmes,6.0,2.4,
2023,76,Occitanie,45-64 ans,Hommes et Femmes,307.0,19.4,
2019,84,Auvergne et Rhône-Alpes,18-24 ans,Hommes,33.0,9.9,
2019,84,Auvergne et Rhône-Alpes,18-24 ans,Femmes,9.0,2.8,
2019,84,Auvergne et Rhône-Alpes,25-44 ans,Femmes,32.0,3.2,
2019,84,Auvergne et Rhône-Alpes,45-64 ans,Femmes,84.0,8.0,
2019,84,Auvergne et Rhône-Alpes,11-17 ans,Hommes et Femmes,7.5,1.1,
2019,84,Auvergne et Rhône-Alpes,18-24 ans,Hommes et Femmes,42.0,6.4,
2019,84,Auvergne et Rhône-Alpes,25-44 ans,Hommes et Femmes,174.5,8.9,
2020,84,Auvergne et Rhône-Alpes,00-10 ans,Hommes,0.0,0.0,
2020,84,Auvergne et Rhône-Alpes,18-24 ans,Hommes,38.0,11.2,
2020,84,Auvergne et Rhône-Alpes,00-10 ans,Femmes,0.0,0.0,
2020,84,Auvergne et Rhône-Alpes,65 ans et plus,Femmes,78.0,8.4,
2020,84,Auvergne et Rhône-Alpes,Tous,Femmes,247.5,6.0,6.0
2020,84,Auvergne et Rhône-Alpes,65 ans et plus,Hommes et Femmes,322.0,19.7,
2021,84,Auvergne et Rhône-Alpes,18-24 ans,Hommes,31.0,9.2,
2021,84,Auvergne et Rhône-Alpes,25-44 ans,Hommes,154.0,15.8,
2021,84,Auvergne et Rhône-Alpes,45-64 ans,Hommes,290.0,28.4,
2021,84,Auvergne et Rhône-Alpes,Tous,Hommes,709.0,17.9,18.1
2021,84,Auvergne et Rhône-Alpes,11-17 ans,Femmes,2.5,0.7,
2021,84,Auvergne et Rhône-Alpes,18-24 ans,Femmes,12.0,3.7,
2021,84,Auvergne et Rhône-Alpes,65 ans et plus,Femmes,88.0,9.4,
2021,84,Auvergne et Rhône-Alpes,18-24 ans,Hommes et Femmes,43.0,6.5,
2021,84,Auvergne et Rhône-Alpes,25-44 ans,Hommes et Femmes,194.0,9.8,
2022,84,Auvergne et Rhône-Alpes,11-17 ans,Hommes,10.0,2.7,
2022,84,Auvergne et Rhône-Alpes,25-44 ans,Hommes,175.0,17.7,
2022,84,Auvergne et Rhône-Alpes,Tous,Hommes,794.0,20.0,20.2
2022,84,Auvergne et Rhône-Alpes,Tous,Femmes,268.5,6.4,6.5
2022,84,Auvergne et Rhône-Alpes,00-10 ans,Hommes et Femmes,0.0,0.0,
2022,84,Auvergne et Rhône-Alpes,11-17 ans,Hommes et Femmes,15.0,2.1,
2022,84,Auvergne et Rhône-Alpes,Tous,Hommes et Femmes,1067.0,13.1,13.2
2023,84,Auvergne et Rhône-Alpes,65 ans et plus,Hommes,252.0,33.9,
2023,84,Auvergne et Rhône-Alpes,00-10 ans,Femmes,0.0,0.0,
2023,84,Auvergne et Rhône-Alpes,18-24 ans,Femmes,9.0,2.8,
2023,84,Auvergne et Rhône-Alpes,45-64 ans,Femmes,97.0,9.3,
2023,84,Auvergne et Rhône-Alpes,45-64 ans,Hommes et Femmes,330.0,15.9,
2019,93,Provence-Alpes-Côte d'Azur,18-24 ans,Hommes,17.0,8.8,
2019,93,Provence-Alpes-Côte d'Azur,Tous,Hommes,466.0,19.2,18.6
2019,93,Provence-Alpes-Côte d'Azur,00-10 ans,Femmes,0.0,0.0,
2019,93,Provence-Alpes-Côte d'Azur,25-44 ans,Femmes,26.0,4.3,
2019,93,Provence-Alpes-Côte d'Azur,45-64 ans,Femmes,82.5,11.8,
2019,93,Provence-Alpes-Côte d'Azur,65 ans et plus,Hommes et Femmes,255.0,21.8,
2020,93,Provence-Alpes-Côte d'Azur,11-17 ans,Hommes,2.5,1.2,
2020,93,Provence-Alpes-Côte d'Azur,18-24 ans,Hommes,12.5,6.4,
2020,93,Provence-Alpes-Côte d'Azur,25-44 ans,Hommes,94.0,16.7,
2020,93,Provence-Alpes-Côte d'Azur,25-44 ans,Femmes,27.0,4.5,
2020,93,Provence-Alpes-Côte d'Azur,65 ans et plus,Femmes,77.0,11.3,
2020,93,Provence-Alpes-Côte d'Azur,Tous,Femmes,171.5,6.4,6.2
2020,93,Provence-Alpes-Côte d'Azur,00-10 ans,Hommes et Femmes,0.0,0.0,
2020,93,Provence-Alpes-Côte d'Azur,18-24 ans,Hommes et Femmes,12.5,3.3,
2020,93,Provence-Alpes-Côte d'Azur,25-44 ans,Hommes et Femmes,121.0,10.4,
2021,93,Provence-Alpes-Côte d'Azur,00-10 ans,Hommes,0.0,0.0,
2021,93,Provence-Alpes-Côte d'Azur,11-17 ans,Hommes,2.5,1.2,
2021,93,Provence-Alpes-Côte d'Azur,18-24 ans,Hommes,14.0,7.1,
2021,93,Provence-Alpes-Côte d'Azur,18-24 ans,Femmes,7.0,3.7,
2021,93,Provence-Alpes-Côte d'Azur,25-44 ans,Femmes,36.5,6.0,
2021,93,Provence-Alpes-Côte d'Azur,45-64 ans,Femmes,66.0,9.4,
2021,93,Provence-Alpes-Côte d'Azur,Tous,Femmes,178.0,6.7,6.4
2021,93,Provence-Alpes-Côte d'Azur,00-10 ans,Hommes et Femmes,0.0,0.0,
2021,93,Provence-Alpes-Côte d'Azur,25-44 ans,Hommes et Femmes,132.5,11.3,
2021,93,Provence-Alpes-Côte d'Azur,45-64 ans,Hommes et Femmes,239.0,17.8,
2021,93,Provence-Alpes-Côte d'Azur,65 ans et plus,Hommes et Femmes,260.0,21.4,
2022,93,Provence-Alpes-Côte d'Azur,00-10 ans,Hommes,0.0,0.0,
2022,93,Provence-Alpes-Côte d'Azur,11-17 ans,Hommes,2.5,1.2,
2022,93,Provence-Alpes-Côte d'Azur,18-24 ans,Hommes,25.0,12.7,
2022,93,Provence-Alpes-Côte d'Azur,45-64 ans,Hommes,168.0,25.9,
2022,93,Provence-Alpes-Côte d'Azur,65 ans et plus,Hommes,226.0,42.6,
2022,93,Provence-Alpes-Côte d'Azur,00-10 ans,Femmes,2.5,0.9,
2022,93,Provence-Alpes-Côte d'Azur,25-44 ans,Femmes,23.0,3.8,
2022,93,Provence-Alpes-Côte d'Azur,Tous,Femmes,172.0,6.4,6.1
2022,93,Provence-Alpes-Côte d'Azur,18-24 ans,Hommes et Femmes,32.5,8.5,
2022,93,Provence-Alpes-Côte d'Azur,45-64 ans,Hommes et Femmes,232.0,17.2,
2022,93,Provence-Alpes-Côte d'Azur,Tous,Hommes et Femmes,687.0,13.3,12.8
2023,93,Provence-Alpes-Côte d'Azur,00-10 ans,Hommes,0.0,0.0,
2023,93,Provence-Alpes-Côte d'Azur,45-64 ans,Hommes,176.5,27.2,
2023,93,Provence-Alpes-Côte d'Azur,Tous,Hommes,472.0,19.0,18.2
2023,93,Provence-Alpes-Côte d'Azur,11-17 ans,Femmes,2.5,1.2,
2023,93,Provence-Alpes-Côte d'Azur,45-64 ans,Femmes,71.0,10.1,
2023,93,Provence-Alpes-Côte d'Azur,25-44 ans,Hommes et Femmes,129.5,10.8,
2019,94,Corse,11-17 ans,Hommes,0.0,0.0,
2019,94,Corse,25-44 ans,Hommes,0.0,0.0,
2019,94,Corse,00-10 ans,Femmes,0.0,0.0,
2019,94,Corse,11-17 ans,Femmes,0.0,0.0,
2019,94,Corse,45-64 ans,Femmes,2.5,5.3,
2019,94,Corse,Tous,Femmes,8.5,4.9,5.7
2019,94,Corse,00-10 ans,Hommes et Femmes,0.0,0.0,
2020,94,Corse,11-17 ans,Hommes,0.0,0.0,
2020,94,Corse,45-64 ans,Hommes,14.0,30.5,
2020,94,Corse,65 ans et plus,Hommes,11.5,30.8,
2020,94,Corse,11-17 ans,Femmes,0.0,0.0,
2020,94,Corse,25-44 ans,Femmes,2.5,5.9,
2020,94,Corse,45-64 ans,Hommes et Femmes,16.5,17.6,
2020,94,Corse,Tous,Hommes et Femmes,41.0,11.9,11.1
2021,94,Corse,45-64 ans,Hommes,13.5,29.2,
2021,94,Corse,65 ans et plus,Hommes,14.5,37.9,
2021,94,Corse,25-44 ans,Femmes,2.5,5.9,
2021,94,Corse,65 ans et plus,Femmes,2.5,5.4,
2021,94,Corse,00-10 ans,Hommes et Femmes,0.0,0.0,
2022,94,Corse,00-10 ans,Hommes,0.0,0.0,
2022,94,Corse,25-44 ans,Hommes,9.5,23.4,
2022,94,Corse,45-64 ans,Hommes,16.0,34.4,
2022,94,Corse,00-10 ans,Femmes,0.0,0.0,
2022,94,Corse,11-17 ans,Femmes,0.0,0.0,
2022,94,Corse,18-24 ans,Femmes,2.5,22.7,
2022,94,Corse,25-44 ans,Femmes,2.5,5.8,
2022,94,Corse,00-10 ans,Hommes et Femmes,0.0,0.0,
2022,94,Corse,18-24 ans,Hommes et Femmes,2.5,11.1,
2022,94,Corse,25-44 ans,Hommes et Femmes,11.0,13.1,
2022,94,Corse,65 ans et plus,Hommes et Femmes,8.5,9.9,
2023,94,Corse,25-44 ans,Hommes,6.0,14.7,
2023,94,Corse,65 ans et plus,Hommes,11.0,27.7,
2023,94,Corse,Tous,Hommes,27.0,15.7,14.4
2023,94,Corse,00-10 ans,Femmes,0.0,0.0,
2023,94,Corse,11-17 ans,Femmes,0.0,0.0,
2023,94,Corse,18-24 ans,Femmes,0.0,0.0,
2023,94,Corse,65 ans et plus,Femmes,2.5,5.2,
2023,94,Corse,Tous,Femmes,10.0,5.5,5.2
2023,94,Corse,00-10 ans,Hommes et Femmes,0.0,0.0,
2023,94,Corse,25-44 ans,Hommes et Femmes,8.5,10.1,
2023,94,Corse,45-64 ans,Hommes et Femmes,12.5,13.1,
2023,94,Corse,65 ans et plus,Hommes et Femmes,13.5,15.4,
2019,01,Guadeloupe,00-10 ans,Hommes,0.0,0.0,
2019,01,Guadeloupe,18-24 ans,Hommes,5.0,33.6,
2019,01,Guadeloupe,11-17 ans,Femmes,0.0,0.0,
2019,01,Guadeloupe,18-24 ans,Hommes et Femmes,7.5,25.8,
2019,01,Guadeloupe,25-44 ans,Hommes et Femmes,7.5,9.6,
2019,01,Guadeloupe,Tous,Hommes et Femmes,36.0,9.4,9.5
2020,01,Guadeloupe,11-17 ans,Hommes,0.0,0.0,
2020,01,Guadeloupe,18-24 ans,Hommes,2.5,17.3,
2020,01,Guadeloupe,00-10 ans,Femmes,0.0,0.0,
2020,01,Guadeloupe,11-17 ans,Femmes,0.0,0.0,
2020,01,Guadeloupe,65 ans et plus,Femmes,2.5,5.7,
2020,01,Guadeloupe,Tous,Femmes,5.0,2.4,2.2
2020,01,Guadeloupe,11-17 ans,Hommes et Femmes,0.0,0.0,
2021,01,Guadeloupe,11-17 ans,Hommes,0.0,0.0,
2021,01,Guadeloupe,65 ans et plus,Hommes,12.0,34.8,
2021,01,Guadeloupe,11-17 ans,Femmes,0.0,0.0,
2021,01,Guadeloupe,25-44 ans,Femmes,0.0,0.0,
2021,01,Guadeloupe,45-64 ans,Femmes,2.5,3.9,
2021,01,Guadeloupe,Tous,Femmes,2.5,1.2,1.5
2021,01,Guadeloupe,Tous,Hommes et Femmes,45.5,11.8,11.6
2022,01,Guadeloupe,00-10 ans,Hommes,0.0,0.0,
2022,01,Guadeloupe,11-17 ans,Hommes,0.0,0.0,
2022,01,Guadeloupe,00-10 ans,Femmes,0.0,0.0,
2022,01,Guadeloupe,25-44 ans,Femmes,2.5,5.8,
2022,01,Guadeloupe,45-64 ans,Femmes,2.5,3.9,
2022,01,Guadeloupe,11-17 ans,Hommes et Femmes,0.0,0.0,
2023,01,Guadeloupe,25-44 ans,Hommes,7.0,22.6,
2023,01,Guadeloupe,11-17 ans,Femmes,0.0,0.0,
2023,01,Guadeloupe,45-64 ans,Femmes,2.5,3.9,
2019,02,Martinique,00-10 ans,Hommes,0.0,0.0,
2019,02,Martinique,25-44 ans,Hommes,2.5,8.1,
2019,02,Martinique,00-10 ans,Femmes,0.0,0.0,
2019,02,Martinique,65 ans et plus,Femmes,2.5,5.7,
2019,02,Martinique,Tous,Femmes,9.0,4.6,4.9
2019,02,Martinique,25-44 ans,Hommes et Femmes,5.0,7.0,
2020,02,Martinique,00-10 ans,Hommes,0.0,0.0,
2020,02,Martinique,11-17 ans,Hommes,0.0,0.0,
2020,02,Martinique,45-64 ans,Hommes,8.0,15.4,
2020,02,Martinique,11-17 ans,Femmes,0.0,0.0,
2020,02,Martinique,Tous,Femmes,8.0,4.1,3.7
2020,02,Martinique,00-10 ans,Hommes et Femmes,0.0,0.0,
2020,02,Martinique,11-17 ans,Hommes et Femmes,0.0,0.0,
2020,02,Martinique,18-24 ans,Hommes et Femmes,2.5,9.8,
2020,02,Martinique,45-64 ans,Hommes et Femmes,10.5,9.1,
2021,02,Martinique,00-10 ans,Hommes,0.0,0.0,
2021,02,Martinique,18-24 ans,Hommes,0.0,0.0,
2021,02,Martinique,25-44 ans,Hommes,5.0,16.7,
2021,02,Martinique,45-64 ans,Hommes,7.0,13.6,
2021,02,Martinique,11-17 ans,Femmes,0.0,0.0,
2021,02,Martinique,25-44 ans,Femmes,0.0,0.0,
2021,02,Martinique,65 ans et plus,Femmes,0.0,0.0,
2021,02,Martinique,45-64 ans,Hommes et Femmes,9.5,8.3,
2021,02,Martinique,65 ans et plus,Hommes et Femmes,7.0,8.6,
2021,02,Martinique,Tous,Hommes et Femmes,21.5,6.0,6.1
2022,02,Martinique,25-44 ans,Hommes,2.5,8.4,
2022,02,Martinique,45-64 ans,Hommes,5.0,9.7,
2022,02,Martinique,11-17 ans,Femmes,0.0,0.0,
2022,02,Martinique,18-24 ans,Femmes,0.0,0.0,
2022,02,Martinique,45-64 ans,Femmes,2.5,4.0,
2022,02,Martinique,65 ans et plus,Femmes,2.5,5.2,
2022,02,Martinique,11-17 ans,Hommes et Femmes,0.0,0.0,
2023,02,Martinique,00-10 ans,Hommes,0.0,0.0,
2023,02,Martinique,11-17 ans,Hommes,0.0,0.0,
2023,02,Martinique,Tous,Hommes,24.5,15.0,13.5
2023,02,Martinique,00-10 ans,Femmes,0.0,0.0,
2023,02,Martinique,00-10 ans,Hommes et Femmes,0.0,0.0,
2023,02,Martinique,11-17 ans,Hommes et Femmes,0.0,0.0,
2019,03,Guyane,00-10 ans,Hommes,0.0,0.0,
2019,03,Guyane,11-17 ans,Hommes,2.5,12.3,
2019,03,Guyane,65 ans et plus,Hommes,2.5,32.5,
2019,03,Guyane,Tous,Hommes,14.0,10.2,14.2
2019,03,Guyane,00-10 ans,Femmes,0.0,0.0,
2019,03,Guyane,11-17 ans,Femmes,2.5,12.3,
2019,03,Guyane,18-24 ans,Femmes,2.5,16.6,
2019,03,Guyane,Tous,Femmes,9.0,6.2,4.9
2019,03,Guyane,11-17 ans,Hommes et Femmes,6.0,14.7,
2019,03,Guyane,25-44 ans,Hommes et Femmes,7.0,9.2,
2020,03,Guyane,25-44 ans,Hommes,2.5,7.1,
2020,03,Guyane,00-10 ans,Femmes,0.0,0.0,
2020,03,Guyane,11-17 ans,Femmes,0.0,0.0,
2020,03,Guyane,Tous,Femmes,2.5,1.7,2.8
2020,03,Guyane,00-10 ans,Hommes et Femmes,2.5,3.7,
2021,03,Guyane,00-10 ans,Hommes,0.0,0.0,
2021,03,Guyane,18-24 ans,Hommes,2.5,17.1,
2021,03,Guyane,00-10 ans,Femmes,0.0,0.0,
2021,03,Guyane,25-44 ans,Femmes,2.5,6.1,
2021,03,Guyane,45-64 ans,Femmes,2.5,9.2,
2021,03,Guyane,65 ans et plus,Femmes,0.0,0.0,
2021,03,Guyane,00-10 ans,Hommes et Femmes,0.0,0.0,
2021,03,Guyane,18-24 ans,Hommes et Femmes,2.5,8.3,
2021,03,Guyane,25-44 ans,Hommes et Femmes,7.0,9.1,
2021,03,Guyane,45-64 ans,Hommes et Femmes,8.5,15.9,
2022,03,Guyane,00-10 ans,Hommes,0.0,0.0,
2022,03,Guyane,Tous,Hommes,15.0,10.7,17.9
2022,03,Guyane,65 ans et plus,Femmes,0.0,0.0,
2022,03,Guyane,11-17 ans,Hommes et Femmes,0.0,0.0,
2022,03,Guyane,25-44 ans,Hommes et Femmes,8.5,11.1,
2023,03,Guyane,00-10 ans,Hommes,0.0,0.0,
2023,03,Guyane,11-17 ans,Hommes,0.0,0.0,
2023,03,Guyane,18-24 ans,Hommes,2.5,17.2,
2023,03,Guyane,45-64 ans,Hommes,6.0,22.3,
2023,03,Guyane,25-44 ans,Femmes,2.5,6.0,
2023,03,Guyane,65 ans et plus,Femmes,0.0,0.0,
2023,03,Guyane,00-10 ans,Hommes et Femmes,0.0,0.0,
2019,04,Réunion,11-17 ans,Hommes,2.5,5.0,
2019,04,Réunion,25-44 ans,Hommes,29.0,29.9,
2019,04,Réunion,45-64 ans,Hommes,25.0,22.5,
2019,04,Réunion,00-10 ans,Femmes,0.0,0.0,
2019,04,Réunion,25-44 ans,Femmes,10.0,8.6,
2019,04,Réunion,Tous,Femmes,21.0,4.7,4.9
2019,04,Réunion,00-10 ans,Hommes et Femmes,0.0,0.0,
2019,04,Réunion,45-64 ans,Hommes et Femmes,32.0,13.9,
2020,04,Réunion,11-17 ans,Hommes,2.5,5.1,
2020,04,Réunion,45-64 ans,Hommes,31.0,27.7,
2020,04,Réunion,00-10 ans,Femmes,0.0,0.0,
2020,04,Réunion,11-17 ans,Femmes,2.5,5.3,
2020,04,Réunion,Tous,Femmes,21.0,4.7,4.8
2020,04,Réunion,00-10 ans,Hommes et Femmes,0.0,0.0,
2020,04,Réunion,25-44 ans,Hommes et Femmes,31.0,14.6,
2021,04,Réunion,11-17 ans,Hommes,2.5,5.1,
2021,04,Réunion,45-64 ans,Hommes,24.0,21.3,
2021,04,Réunion,25-44 ans,Femmes,2.5,2.1,
2021,04,Réunion,45-64 ans,Femmes,7.0,5.7,
2021,04,Réunion,25-44 ans,Hommes et Femmes,20.5,9.7,
2021,04,Réunion,45-64 ans,Hommes et Femmes,31.0,13.2,
2021,04,Réunion,Tous,Hommes et Femmes,74.5,8.6,8.9
2022,04,Réunion,25-44 ans,Femmes,6.0,5.1,
2022,04,Réunion,Tous,Femmes,21.5,4.7,4.2
2022,04,Réunion,11-17 ans,Hommes et Femmes,2.5,2.6,
2022,04,Réunion,65 ans et plus,Hommes et Femmes,11.5,9.4,
2022,04,Réunion,Tous,Hommes et Femmes,67.5,7.7,7.7
2023,04,Réunion,00-10 ans,Femmes,0.0,0.0,
2023,04,Réunion,45-64 ans,Femmes,5.0,4.0,
2023,04,Réunion,65 ans et plus,Femmes,2.5,3.5,
2023,04,Réunion,00-10 ans,Hommes et Femmes,0.0,0.0,
2023,04,Réunion,Tous,Hommes et Femmes,80.5,9.1,9.8
2019,06,Mayotte,Tous,Hommes,2.5,1.9,1.6
2019,06,Mayotte,00-10 ans,Femmes,0.0,0.0,
2019,06,Mayotte,00-10 ans,Hommes et Femmes,0.0,0.0,
2019,06,Mayotte,45-64 ans,Hommes et Femmes,0.0,0.0,
2019,06,Mayotte,65 ans et plus,Hommes et Femmes,0.0,0.0,
2019,06,Mayotte,Tous,Hommes et Femmes,2.5,0.9,1.1
2020,06,Mayotte,00-10 ans,Hommes,0.0,0.0,
2020,06,Mayotte,11-17 ans,Hommes,0.0,0.0,
2020,06,Mayotte,18-24 ans,Hommes,0.0,0.0,
2020,06,Mayotte,Tous,Hommes,2.5,1.9,0.8
2020,06,Mayotte,00-10 ans,Femmes,0.0,0.0,
2020,06,Mayotte,18-24 ans,Femmes,0.0,0.0,
2020,06,Mayotte,25-44 ans,Femmes,0.0,0.0,
2020,06,Mayotte,18-24 ans,Hommes et Femmes,0.0,0.0,
2020,06,Mayotte,45-64 ans,Hommes et Femmes,2.5,7.8,
2020,06,Mayotte,65 ans et plus,Hommes et Femmes,0.0,0.0,
2020,06,Mayotte,Tous,Hommes et Femmes,2.5,0.9,1.2
2021,06,Mayotte,11-17 ans,Hommes,0.0,0.0,
2021,06,Mayotte,45-64 ans,Hommes,2.5,14.5,
2021,06,Mayotte,65 ans et plus,Hommes,0.0,0.0,
2021,06,Mayotte,00-10 ans,Femmes,0.0,0.0,
2021,06,Mayotte,11-17 ans,Femmes,0.0,0.0,
2021,06,Mayotte,18-24 ans,Femmes,0.0,0.0,
2021,06,Mayotte,45-64 ans,Femmes,0.0,0.0,
2021,06,Mayotte,11-17 ans,Hommes et Femmes,0.0,0.0,
2021,06,Mayotte,45-64 ans,Hommes et Femmes,2.5,7.6,
2021,06,Mayotte,Tous,Hommes et Femmes,2.5,0.9,1.8
2022,06,Mayotte,65 ans et plus,Hommes,0.0,0.0,
2022,06,Mayotte,11-17 ans,Femmes,2.5,9.3,
2022,06,Mayotte,65 ans et plus,Femmes,0.0,0.0,
2022,06,Mayotte,18-24 ans,Hommes et Femmes,0.0,0.0,
2022,06,Mayotte,45-64 ans,Hommes et Femmes,2.5,7.3,
2023,06,Mayotte,00-10 ans,Hommes,0.0,0.0,
2023,06,Mayotte,11-17 ans,Hommes,0.0,0.0,
2023,06,Mayotte,18-24 ans,Hommes,0.0,0.0,
2023,06,Mayotte,25-44 ans,Hommes,2.5,7.3,
2023,06,Mayotte,45-64 ans,Hommes,2.5,13.5,
2023,06,Mayotte,Tous,Femmes,2.5,1.5,0.5
2023,06,Mayotte,00-10 ans,Hommes et Femmes,0.0,0.0,
2023,06,Mayotte,25-44 ans,Hommes et Femmes,2.5,3.1,
2023,06,Mayotte,45-64 ans,Hommes et Femmes,2.5,7.1,
2019,11,Île-de-France,11-17 ans,Hommes,10.0,1.8,
2019,11,Île-de-France,25-44 ans,Hommes,216.0,12.8,
2019,11,Île-de-France,45-64 ans,Femmes,133.0,8.5,
2019,11,Île-de-France,65 ans et plus,Femmes,81.0,7.7,
2019,11,Île-de-France,00-10 ans,Hommes et Femmes,0.0,0.0,
2019,11,Île-de-France,18-24 ans,Hommes et Femmes,53.0,5.0,
2019,11,Île-de-France,25-44 ans,Hommes et Femmes,288.0,8.3,
2019,11,Île-de-France,65 ans et plus,Hommes et Femmes,273.0,14.8,
2019,11,Île-de-France,Tous,Hommes et Femmes,1010.0,8.2,8.9
2020,11,Île-de-France,18-24 ans,Hommes,54.0,10.0,
2020,11,Île-de-France,25-44 ans,Hommes,205.0,12.3,
2020,11,Île-de-France,00-10 ans,Femmes,0.0,0.0,
2020,11,Île-de-France,45-64 ans,Femmes,142.0,9.1,
2020,11,Île-de-France,65 ans et plus,Femmes,105.0,9.7,
2020,11,Île-de-France,Tous,Femmes,320.5,5.1,5.6
2020,11,Île-de-France,11-17 ans,Hommes et Femmes,15.0,1.4,
2020,11,Île-de-France,25-44 ans,Hommes et Femmes,255.0,7.4,
2021,11,Île-de-France,65 ans et plus,Hommes,176.0,21.5,
2021,11,Île-de-France,Tous,Hommes,636.0,10.7,11.5
2021,11,Île-de-France,18-24 ans,Femmes,24.0,4.3,
2021,11,Île-de-France,45-64 ans,Femmes,110.0,7.1,
2021,11,Île-de-France,45-64 ans,Hommes et Femmes,322.0,10.6,
2021,11,Île-de-France,Tous,Hommes et Femmes,954.5,7.7,8.4
2022,11,Île-de-France,11-17 ans,Hommes,8.0,1.4,
2022,11,Île-de-France,Tous,Hommes,623.0,10.4,11.2
2022,11,Île-de-France,Tous,Femmes,318.5,5.0,5.4
2022,11,Île-de-France,25-44 ans,Hommes et Femmes,233.5,6.7,
2023,11,Île-de-France,00-10 ans,Hommes,2.5,0.3,
2023,11,Île-de-France,11-17 ans,Hommes,6.75,1.2,
2023,11,Île-de-France,18-24 ans,Hommes,35.0,6.1,
2023,11,Île-de-France,25-44 ans,Hommes,175.0,10.4,
2023,11,Île-de-France,65 ans et plus,Hommes,185.0,21.9,
2023,11,Île-de-France,65 ans et plus,Femmes,87.0,7.7,
2023,11,Île-de-France,11-17 ans,Hommes et Femmes,13.75,1.2,
2023,11,Île-de-France,18-24 ans,Hommes et Femmes,54.0,4.7,
2023,11,Île-de-France,25-44 ans,Hommes et Femmes,240.0,6.9,
2023,11,Île-de-France,65 ans et plus,Hommes et Femmes,272.0,13.8,
2023,11,Île-de-France,Tous,Hommes et Femmes,928.0,7.5,8.0
2019,24,Centre-Val de Loire,11-17 ans,Hommes,2.5,2.2,
2019,24,Centre-Val de Loire,11-17 ans,Hommes et Femmes,6.0,2.7,
2019,24,Centre-Val de Loire,45-64 ans,Hommes et Femmes,151.0,22.0,
2019,24,Centre-Val de Loire,65 ans et plus,Hommes et Femmes,167.5,28.9,
2020,24,Centre-Val de Loire,11-17 ans,Hommes,2.5,2.2,
2020,24,Centre-Val de Loire,25-44 ans,Hommes,67.0,23.9,
2020,24,Centre-Val de Loire,Tous,Femmes,88.5,6.7,6.6
2020,24,Centre-Val de Loire,11-17 ans,Hommes et Femmes,2.5,1.1,
2020,24,Centre-Val de Loire,65 ans et plus,Hommes et Femmes,165.0,28.0,
2021,24,Centre-Val de Loire,00-10 ans,Hommes,0.0,0.0,
2021,24,Centre-Val de Loire,18-24 ans,Hommes,13.0,13.1,
2021,24,Centre-Val de Loire,65 ans et plus,Hommes,123.0,47.2,
2021,24,Centre-Val de Loire,11-17 ans,Femmes,2.5,2.3,
2021,24,Centre-Val de Loire,Tous,Femmes,75.0,5.7,5.4
2021,24,Centre-Val de Loire,11-17 ans,Hommes et Femmes,7.5,3.3,
2022,24,Centre-Val de Loire,45-64 ans,Hommes,113.0,34.2,
2022,24,Centre-Val de Loire,65 ans et plus,Hommes,141.0,53.4,
2022,24,Centre-Val de Loire,00-10 ans,Femmes,0.0,0.0,
2022,24,Centre-Val de Loire,45-64 ans,Femmes,35.0,10.2,
2022,24,Centre-Val de Loire,45-64 ans,Hommes et Femmes,148.0,21.9,
2022,24,Centre-Val de Loire,65 ans et plus,Hommes et Femmes,179.5,29.7,
2023,24,Centre-Val de Loire,00-10 ans,Hommes,0.0,0.0,
2023,24,Centre-Val de Loire,18-24 ans,Femmes,2.5,2.7,
2023,24,Centre-Val de Loire,25-44 ans,Femmes,17.0,5.8,
2023,24,Centre-Val de Loire,00-10 ans,Hommes et Femmes,0.0,0.0,
2023,24,Centre-Val de Loire,18-24 ans,Hommes et Femmes,13.5,7.0,
2019,27,Bourgogne et Franche-Comté,00-10 ans,Hommes,0.0,0.0,
2019,27,Bourgogne et Franche-Comté,11-17 ans,Hommes,2.5,2.0,
2019,27,Bourgogne et Franche-Comté,45-64 ans,Femmes,32.0,8.4,
2019,27,Bourgogne et Franche-Comté,00-10 ans,Hommes et Femmes,0.0,0.0,
2019,27,Bourgogne et Franche-Comté,11-17 ans,Hommes et Femmes,5.0,2.1,
2019,27,Bourgogne et Franche-Comté,65 ans et plus,Hommes et Femmes,152.5,23.5,
2020,27,Bourgogne et Franche-Comté,25-44 ans,Hommes,73.0,23.8,
2020,27,Bourgogne et Franche-Comté,65 ans et plus,Hommes,108.5,37.8,
2020,27,Bourgogne et Franche-Comté,11-17 ans,Femmes,2.5,2.2,
2020,27,Bourgogne et Franche-Comté,18-24 ans,Femmes,2.5,2.5,
2020,27,Bourgogne et Franche-Comté,25-44 ans,Femmes,21.0,6.8,
2020,27,Bourgogne et Franche-Comté,11-17 ans,Hommes et Femmes,5.0,2.1,
2021,27,Bourgogne et Franche-Comté,45-64 ans,Hommes,134.0,36.6,
2021,27,Bourgogne et Franche-Comté,18-24 ans,Femmes,2.5,2.5,
2021,27,Bourgogne et Franche-Comté,25-44 ans,Femmes,15.0,4.9,
2021,27,Bourgogne et Franche-Comté,45-64 ans,Femmes,41.0,10.9,
2021,27,Bourgogne et Franche-Comté,65 ans et plus,Femmes,34.0,9.1,
2021,27,Bourgogne et Franche-Comté,65 ans et plus,Hommes et Femmes,150.5,22.6,
2022,27,Bourgogne et Franche-Comté,18-24 ans,Hommes,15.0,13.4,
2022,27,Bourgogne et Franche-Comté,45-64 ans,Hommes,136.5,37.5,
2022,27,Bourgogne et Franche-Comté,18-24 ans,Femmes,2.5,2.5,
2022,27,Bourgogne et Franche-Comté,45-64 ans,Femmes,40.0,10.7,
2022,27,Bourgogne et Franche-Comté,65 ans et plus,Femmes,35.0,9.3,
2022,27,Bourgogne et Franche-Comté,18-24 ans,Hommes et Femmes,17.5,8.3,
2022,27,Bourgogne et Franche-Comté,25-44 ans,Hommes et Femmes,99.0,16.0,
2022,27,Bourgogne et Franche-Comté,65 ans et plus,Hommes et Femmes,169.0,25.1,
2022,27,Bourgogne et Franche-Comté,Tous,Hommes et Femmes,468.0,16.7,16.0
2023,27,Bourgogne et Franche-Comté,11-17 ans,Hommes,0.0,0.0,
2023,27,Bourgogne et Franche-Comté,00-10 ans,Femmes,0.0,0.0,
2023,27,Bourgogne et Franche-Comté,11-17 ans,Femmes,2.5,2.2,
2023,27,Bourgogne et Franche-Comté,25-44 ans,Femmes,26.0,8.4,
2023,27,Bourgogne et Franche-Comté,65 ans et plus,Femmes,31.0,8.1,
2023,27,Bourgogne et Franche-Comté,Tous,Femmes,106.5,7.4,7.2
2023,27,Bourgogne et Franche-Comté,00-10 ans,Hommes et Femmes,0.0,0.0,
2023,27,Bourgogne et Franche-Comté,11-17 ans,Hommes et Femmes,2.5,1.1,
2023,27,Bourgogne et Franche-Comté,18-24 ans,Hommes et Femmes,19.0,8.9,
2023,27,Bourgogne et Franche-Comté,65 ans et plus,Hommes et Femmes,155.5,22.9,
2019,28,Normandie,00-10 ans,Hommes,0.0,0.0,
2019,28,Normandie,25-44 ans,Hommes,99.0,26.5,
2019,28,Normandie,00-10 ans,Femmes,0.0,0.0,
2019,28,Normandie,11-17 ans,Femmes,2.5,1.8,
2019,28,Normandie,25-44 ans,Femmes,21.0,5.5,
2019,28,Normandie,00-10 ans,Hommes et Femmes,0.0,0.0,
2020,28,Normandie,00-10 ans,Hommes,0.0,0.0,
2020,28,Normandie,11-17 ans,Hommes,2.5,1.7,
2020,28,Normandie,25-44 ans,Hommes,119.0,31.9,
2020,28,Normandie,65 ans et plus,Hommes,170.0,54.6,
2020,28,Normandie,45-64 ans,Femmes,54.0,12.1,
2020,28,Normandie,Tous,Femmes,129.0,7.5,7.4
2020,28,Normandie,18-24 ans,Hommes et Femmes,21.5,8.2,
2020,28,Normandie,25-44 ans,Hommes et Femmes,140.0,18.6,
2020,28,Normandie,Tous,Hommes et Femmes,634.0,19.1,19.0
2021,28,Normandie,00-10 ans,Hommes,0.0,0.0,
2021,28,Normandie,11-17 ans,Hommes,2.5,1.7,
2021,28,Normandie,65 ans et plus,Hommes,153.0,48.2,
2021,28,Normandie,Tous,Hommes,462.5,28.7,28.4
2021,28,Normandie,00-10 ans,Femmes,0.0,0.0,
2021,28,Normandie,25-44 ans,Femmes,17.0,4.5,
2021,28,Normandie,Tous,Hommes et Femmes,595.5,17.9,17.7
2022,28,Normandie,18-24 ans,Femmes,2.5,2.0,
2022,28,Normandie,25-44 ans,Hommes et Femmes,134.5,17.7,
2022,28,Normandie,45-64 ans,Hommes et Femmes,229.0,26.5,
2023,28,Normandie,25-44 ans,Femmes,22.0,5.7,
2023,28,Normandie,65 ans et plus,Femmes,53.0,12.1,
2023,28,Normandie,Tous,Femmes,127.5,7.4,7.2
2023,28,Normandie,00-10 ans,Hommes et Femmes,0.0,0.0,
2023,28,Normandie,11-17 ans,Hommes et Femmes,7.5,2.5,
2023,28,Normandie,25-44 ans,Hommes et Femmes,105.0,13.8,
2023,28,Normandie,65 ans et plus,Hommes et Femmes,198.0,25.8,
2019,32,Hauts-de-France,18-24 ans,Hommes,32.0,12.0,
2019,32,Hauts-de-France,25-44 ans,Hommes,182.0,25.1,
2019,32,Hauts-de-France,00-10 ans,Femmes,0.0,0.0,
2019,32,Hauts-de-France,45-64 ans,Femmes,94.5,12.1,
2019,32,Hauts-de-France,65 ans et plus,Femmes,45.5,7.2,
2019,32,Hauts-de-France,00-10 ans,Hommes et Femmes,2.5,0.3,
2020,32,Hauts-de-France,Tous,Hommes,706.0,24.3,25.4
2020,32,Hauts-de-France,00-10 ans,Femmes,0.0,0.0,
2020,32,Hauts-de-France,11-17 ans,Femmes,5.0,1.8,
2020,32,Hauts-de-France,45-64 ans,Femmes,99.0,12.7,
2020,32,Hauts-de-France,Tous,Femmes,225.5,7.3,7.4
2021,32,Hauts-de-France,18-24 ans,Hommes,28.0,10.5,
2021,32,Hauts-de-France,25-44 ans,Hommes,187.0,26.0,
2021,32,Hauts-de-France,Tous,Hommes,693.5,23.9,24.9
2021,32,Hauts-de-France,11-17 ans,Femmes,5.0,1.8,
2021,32,Hauts-de-France,25-44 ans,Femmes,36.0,4.9,
2021,32,Hauts-de-France,65 ans et plus,Femmes,55.0,8.4,
2022,32,Hauts-de-France,18-24 ans,Hommes,30.0,11.2,
2022,32,Hauts-de-France,45-64 ans,Hommes,271.0,36.5,
2022,32,Hauts-de-France,00-10 ans,Hommes et Femmes,0.0,0.0,
2022,32,Hauts-de-France,45-64 ans,Hommes et Femmes,363.0,24.0,
2022,32,Hauts-de-France,65 ans et plus,Hommes et Femmes,269.0,23.4,
2023,32,Hauts-de-France,25-44 ans,Femmes,43.5,5.9,
2023,32,Hauts-de-France,45-64 ans,Femmes,82.0,10.7,
2023,32,Hauts-de-France,65 ans et plus,Femmes,62.0,9.2,
2023,32,Hauts-de-France,Tous,Femmes,210.0,6.8,6.9
2023,32,Hauts-de-France,00-10 ans,Hommes et Femmes,0.0,0.0,
2023,32,Hauts-de-France,25-44 ans,Hommes et Femmes,216.5,14.9,
2023,32,Hauts-de-France,65 ans et plus,Hommes et Femmes,274.0,23.5,
2019,44,Grand Est,65 ans et plus,Hommes,188.0,38.6,
2019,44,Grand Est,65 ans et plus,Femmes,56.0,8.8,
2019,44,Grand Est,Tous,Femmes,175.5,6.2,6.1
2019,44,Grand Est,25-44 ans,Hommes et Femmes,191.5,14.4,
2020,44,Grand Est,45-64 ans,Hommes,241.0,32.8,
2020,44,Grand Est,Tous,Femmes,180.0,6.3,6.3
2020,44,Grand Est,11-17 ans,Hommes et Femmes,10.5,2.3,
2020,44,Grand Est,18-24 ans,Hommes et Femmes,25.0,5.5,
2021,44,Grand Est,18-24 ans,Hommes,26.0,11.0,
2021,44,Grand Est,45-64 ans,Hommes,235.0,32.2,
2021,44,Grand Est,65 ans et plus,Hommes,185.0,36.5,
2021,44,Grand Est,00-10 ans,Femmes,0.0,0.0,
2021,44,Grand Est,18-24 ans,Femmes,6.0,2.7,
2021,44,Grand Est,65 ans et plus,Femmes,62.0,9.4,
2021,44,Grand Est,Tous,Femmes,190.0,6.7,6.6
2021,44,Grand Est,00-10 ans,Hommes et Femmes,2.5,0.4,
2021,44,Grand Est,11-17 ans,Hommes et Femmes,11.75,2.5,
2021,44,Grand Est,18-24 ans,Hommes et Femmes,32.0,7.1,
2021,44,Grand Est,25-44 ans,Hommes et Femmes,167.5,12.6,
2022,44,Grand Est,18-24 ans,Hommes,24.0,10.3,
2022,44,Grand Est,65 ans et plus,Femmes,52.0,7.8,
2022,44,Grand Est,11-17 ans,Hommes et Femmes,6.0,1.3,
2022,44,Grand Est,45-64 ans,Hommes et Femmes,282.0,19.2,
2022,44,Grand Est,65 ans et plus,Hommes et Femmes,229.5,19.4,
2023,44,Grand Est,00-10 ans,Hommes,0.0,0.0,
2023,44,Grand Est,18-24 ans,Femmes,9.0,4.2,
2023,44,Grand Est,65 ans et plus,Femmes,53.0,7.8,
2023,44,Grand Est,65 ans et plus,Hommes et Femmes,236.0,19.7,
2023,44,Grand Est,Tous,Hommes et Femmes,738.5,13.3,13.0
2019,52,Pays de la Loire,11-17 ans,Hommes,2.5,1.4,
2019,52,Pays de la Loire,18-24 ans,Hommes,20.0,12.7,
2019,52,Pays de la Loire,Tous,Hommes,472.5,25.5,25.8
2019,52,Pays de la Loire,11-17 ans,Femmes,2.5,1.5,
2019,52,Pays de la Loire,25-44 ans,Hommes et Femmes,136.0,15.3,
2019,52,Pays de la Loire,45-64 ans,Hommes et Femmes,253.5,26.0,
2019,52,Pays de la Loire,65 ans et plus,Hommes et Femmes,190.5,24.1,
2020,52,Pays de la Loire,11-17 ans,Femmes,2.5,1.5,
2020,52,Pays de la Loire,65 ans et plus,Femmes,68.5,14.9,
2020,52,Pays de la Loire,11-17 ans,Hommes et Femmes,5.0,1.4,
2020,52,Pays de la Loire,18-24 ans,Hommes et Femmes,22.5,7.3,
2020,52,Pays de la Loire,65 ans et plus,Hommes et Femmes,217.5,26.9,
2021,52,Pays de la Loire,18-24 ans,Hommes,19.0,11.9,
2021,52,Pays de la Loire,65 ans et plus,Hommes,166.0,46.7,
2021,52,Pays de la Loire,Tous,Hommes,469.5,25.0,25.1
2021,52,Pays de la Loire,00-10 ans,Femmes,0.0,0.0,
2021,52,Pays de la Loire,11-17 ans,Femmes,2.5,1.4,
2021,52,Pays de la Loire,18-24 ans,Femmes,6.0,4.0,
2021,52,Pays de la Loire,00-10 ans,Hommes et Femmes,0.0,0.0,
2021,52,Pays de la Loire,Tous,Hommes et Femmes,622.5,16.2,16.2
2022,52,Pays de la Loire,11-17 ans,Hommes,2.5,1.4,
2022,52,Pays de la Loire,65 ans et plus,Hommes,177.0,48.6,
2022,52,Pays de la Loire,25-44 ans,Femmes,36.0,7.9,
2022,52,Pays de la Loire,Tous,Femmes,172.0,8.7,8.7
2022,52,Pays de la Loire,45-64 ans,Hommes et Femmes,261.5,26.6,
2023,52,Pays de la Loire,00-10 ans,Hommes,0.0,0.0,
2023,52,Pays de la Loire,11-17 ans,Hommes,5.0,2.7,
2023,52,Pays de la Loire,65 ans et plus,Hommes,147.0,39.6,
2023,52,Pays de la Loire,00-10 ans,Femmes,0.0,0.0,
2023,52,Pays de la Loire,11-17 ans,Femmes,2.5,1.4,
2023,52,Pays de la Loire,00-10 ans,Hommes et Femmes,0.0,0.0,
2019,53,Bretagne,18-24 ans,Hommes,17.0,12.5,
2019,53,Bretagne,Tous,Hommes,565.5,34.7,34.3
2019,53,Bretagne,00-10 ans,Femmes,0.0,0.0,
2019,53,Bretagne,18-24 ans,Femmes,6.0,4.8,
2019,53,Bretagne,25-44 ans,Hommes et Femmes,168.0,22.5,
2019,53,Bretagne,65 ans et plus,Hommes et Femmes,227.0,30.2,
2019,53,Bretagne,Tous,Hommes et Femmes,724.0,21.6,21.2
2020,53,Bretagne,25-44 ans,Hommes,121.0,32.4,
2020,53,Bretagne,11-17 ans,Femmes,2.5,1.7,
2020,53,Bretagne,Tous,Femmes,178.5,10.3,10.2
2020,53,Bretagne,00-10 ans,Hommes et Femmes,0.0,0.0,
2020,53,Bretagne,11-17 ans,Hommes et Femmes,10.5,3.6,
2021,53,Bretagne,00-10 ans,Hommes,0.0,0.0,
2021,53,Bretagne,25-44 ans,Hommes,133.0,35.3,
2021,53,Bretagne,18-24 ans,Femmes,7.0,5.5,
2021,53,Bretagne,45-64 ans,Femmes,66.0,14.5,
2021,53,Bretagne,Tous,Femmes,169.5,9.7,9.6
2021,53,Bretagne,00-10 ans,Hommes et Femmes,0.0,0.0,
2021,53,Bretagne,25-44 ans,Hommes et Femmes,168.0,22.3,
2022,53,Bretagne,25-44 ans,Hommes,145.0,37.9,
2022,53,Bretagne,Tous,Hommes,540.5,32.4,31.9
2022,53,Bretagne,25-44 ans,Femmes,34.5,9.0,
2022,53,Bretagne,45-64 ans,Femmes,65.0,14.3,
2022,53,Bretagne,65 ans et plus,Femmes,56.0,12.3,
2022,53,Bretagne,18-24 ans,Hommes et Femmes,23.0,8.7,
2022,53,Bretagne,25-44 ans,Hommes et Femmes,179.5,23.5,
2022,53,Bretagne,65 ans et plus,Hommes et Femmes,216.0,27.0,
2023,53,Bretagne,00-10 ans,Hommes,0.0,0.0,
2023,53,Bretagne,18-24 ans,Hommes,19.0,13.7,
2023,53,Bretagne,65 ans et plus,Hommes,196.0,55.7,
2023,53,Bretagne,11-17 ans,Femmes,2.5,1.7,
2023,53,Bretagne,65 ans et plus,Femmes,60.0,13.0,
2023,53,Bretagne,00-10 ans,Hommes et Femmes,0.0,0.0,
2023,53,Bretagne,11-17 ans,Hommes et Femmes,6.0,2.0,
2023,53,Bretagne,25-44 ans,Hommes et Femmes,177.5,23.1,
2023,53,Bretagne,45-64 ans,Hommes et Femmes,269.0,29.9,
2019,75,Nouvelle Aquitaine,00-10 ans,Hommes,0.0,0.0,
2019,75,Nouvelle Aquitaine,18-24 ans,Hommes,20.0,8.7,
2019,75,Nouvelle Aquitaine,25-44 ans,Hommes,155.5,23.7,
2019,75,Nouvelle Aquitaine,65 ans et plus,Hommes,287.0,46.1,
2019,75,Nouvelle Aquitaine,00-10 ans,Femmes,0.0,0.0,
2019,75,Nouvelle Aquitaine,18-24 ans,Hommes et Femmes,22.5,5.0,
2019,75,Nouvelle Aquitaine,45-64 ans,Hommes et Femmes,333.0,20.5,
2020,75,Nouvelle Aquitaine,18-24 ans,Hommes,16.0,6.9,
2020,75,Nouvelle Aquitaine,Tous,Hommes,707.5,24.4,23.0
2020,75,Nouvelle Aquitaine,00-10 ans,Femmes,0.0,0.0,
2020,75,Nouvelle Aquitaine,11-17 ans,Femmes,2.5,1.1,
2020,75,Nouvelle Aquitaine,18-24 ans,Femmes,2.5,1.1,
2020,75,Nouvelle Aquitaine,65 ans et plus,Femmes,87.0,10.5,
2020,75,Nouvelle Aquitaine,00-10 ans,Hommes et Femmes,0.0,0.0,
2021,75,Nouvelle Aquitaine,18-24 ans,Hommes,27.0,11.6,
2021,75,Nouvelle Aquitaine,25-44 ans,Hommes,154.5,23.4,
2021,75,Nouvelle Aquitaine,45-64 ans,Hommes,239.5,30.3,
2021,75,Nouvelle Aquitaine,11-17 ans,Femmes,2.5,1.0,
2021,75,Nouvelle Aquitaine,45-64 ans,Femmes,90.0,10.8,
2021,75,Nouvelle Aquitaine,00-10 ans,Hommes et Femmes,0.0,0.0,
2021,75,Nouvelle Aquitaine,18-24 ans,Hommes et Femmes,34.0,7.5,
2021,75,Nouvelle Aquitaine,65 ans et plus,Hommes et Femmes,432.0,28.9,
2022,75,Nouvelle Aquitaine,45-64 ans,Hommes,276.0,34.9,
2022,75,Nouvelle Aquitaine,65 ans et plus,Hommes,286.0,43.3,
2022,75,Nouvelle Aquitaine,00-10 ans,Femmes,0.0,0.0,
2022,75,Nouvelle Aquitaine,Tous,Femmes,195.0,6.2,5.9
2022,75,Nouvelle Aquitaine,18-24 ans,Hommes et Femmes,33.0,7.3,
2022,75,Nouvelle Aquitaine,Tous,Hommes et Femmes,923.5,15.1,14.3
2023,75,Nouvelle Aquitaine,00-10 ans,Hommes,0.0,0.0,
2023,75,Nouvelle Aquitaine,00-10 ans,Femmes,0.0,0.0,
2023,75,Nouvelle Aquitaine,11-17 ans,Femmes,0.0,0.0,
2023,75,Nouvelle Aquitaine,25-44 ans,Femmes,50.0,7.2,
2023,75,Nouvelle Aquitaine,65 ans et plus,Femmes,94.0,10.8,
2023,75,Nouvelle Aquitaine,Tous,Femmes,242.0,7.6,7.2
2023,75,Nouvelle Aquitaine,00-10 ans,Hommes et Femmes,0.0,0.0,
2023,75,Nouvelle Aquitaine,18-24 ans,Hommes et Femmes,29.0,6.3,
2023,75,Nouvelle Aquitaine,45-64 ans,Hommes et Femmes,360.0,22.2,
2023,75,Nouvelle Aquitaine,65 ans et plus,Hommes et Femmes,384.0,24.9,
2019,76,Occitanie,25-44 ans,Hommes,116.0,17.3,
2019,76,Occitanie,11-17 ans,Femmes,2.5,1.1,
2019,76,Occitanie,18-24 ans,Femmes,2.5,1.1,
2019,76,Occitanie,11-17 ans,Hommes et Femmes,7.0,1.4,
2019,76,Occitanie,45-64 ans,Hommes et Femmes,309.0,19.8,
2020,76,Occitanie,18-24 ans,Hommes,33.0,13.5,
2020,76,Occitanie,25-44 ans,Hommes,120.0,17.9,
2020,76,Occitanie,Tous,Hommes,561.0,19.4,18.9
2020,76,Occitanie,11-17 ans,Femmes,2.5,1.0,
2020,76,Occitanie,18-24 ans,Femmes,10.0,4.3,
2020,76,Occitanie,45-64 ans,Hommes et Femmes,259.0,16.5,
2021,76,Occitanie,18-24 ans,Hommes,17.0,6.9,
2021,76,Occitanie,45-64 ans,Hommes,223.0,29.2,
2021,76,Occitanie,65 ans et plus,Hommes,231.5,37.8,
2021,76,Occitanie,Tous,Hommes,580.5,19.9,19.2
2021,76,Occitanie,Tous,Femmes,174.0,5.6,5.5
2022,76,Occitanie,00-10 ans,Hommes,0.0,0.0,
2022,76,Occitanie,11-17 ans,Hommes,2.5,1.0,
2022,76,Occitanie,25-44 ans,Femmes,38.0,5.3,
2022,76,Occitanie,Tous,Femmes,192.0,6.1,6.0
2022,76,Occitanie,00-10 ans,Hommes et Femmes,0.0,0.0,
2022,76,Occitanie,25-44 ans,Hommes et Femmes,189.0,13.5,
2023,76,Occitanie,11-17 ans,Hommes,2.5,1.0,
2023,76,Occitanie,00-10 ans,Femmes,0.0,0.0,
2023,76,Occitanie,25-44 ans,Femmes,41.0,5.7,
2023,76,Occitanie,Tous,Femmes,200.5,6.3,6.3
2023,76,Occitanie,11-17 ans,Hommes et Femmes,8.5,1.7,
2023,76,Occitanie,65 ans et plus,Hommes et Femmes,300.5,20.8,
2023,76,Occitanie,Tous,Hommes et Femmes,841.5,13.7,13.3
2019,84,Auvergne et Rhône-Alpes,45-64 ans,Hommes,268.0,26.4,
2019,84,Auvergne et Rhône-Alpes,65 ans et plus,Hommes,203.0,29.3,
2019,84,Auvergne et Rhône-Alpes,00-10 ans,Femmes,0.0,0.0,
2019,84,Auvergne et Rhône-Alpes,11-17 ans,Femmes,5.0,1.5,
2019,84,Auvergne et Rhône-Alpes,65 ans et plus,Femmes,84.0,9.2,
2019,84,Auvergne et Rhône-Alpes,00-10 ans,Hommes et Femmes,0.0,0.0,
2020,84,Auvergne et Rhône-Alpes,11-17 ans,Hommes,2.5,0.7,
2020,84,Auvergne et Rhône-Alpes,25-44 ans,Hommes,162.0,16.8,
2020,84,Auvergne et Rhône-Alpes,45-64 ans,Hommes,270.0,26.5,
2020,84,Auvergne et Rhône-Alpes,65 ans et plus,Hommes,244.0,34.5,
2020,84,Auvergne et Rhône-Alpes,11-17 ans,Femmes,2.5,0.7,
2020,84,Auvergne et Rhône-Alpes,45-64 ans,Femmes,115.0,10.9,
2020,84,Auvergne et Rhône-Alpes,00-10 ans,Hommes et Femmes,0.0,0.0,
2020,84,Auvergne et Rhône-Alpes,11-17 ans,Hommes et Femmes,6.0,0.8,
2020,84,Auvergne et Rhône-Alpes,25-44 ans,Hommes et Femmes,206.0,10.5,
2020,84,Auvergne et Rhône-Alpes,Tous,Hommes et Femmes,965.0,11.9,12.1
2021,84,Auvergne et Rhône-Alpes,00-10 ans,Hommes,2.5,0.5,
2021,84,Auvergne et Rhône-Alpes,11-17 ans,Hommes,2.5,0.7,
2021,84,Auvergne et Rhône-Alpes,65 ans et plus,Hommes,229.5,32.0,
2021,84,Auvergne et Rhône-Alpes,00-10 ans,Femmes,0.0,0.0,
2021,84,Auvergne et Rhône-Alpes,11-17 ans,Hommes et Femmes,6.0,0.8,
2021,84,Auvergne et Rhône-Alpes,Tous,Hommes et Femmes,951.0,11.7,11.8
2022,84,Auvergne et Rhône-Alpes,18-24 ans,Hommes,34.0,10.0,
2022,84,Auvergne et Rhône-Alpes,00-10 ans,Femmes,0.0,0.0,
2022,84,Auvergne et Rhône-Alpes,11-17 ans,Femmes,5.0,1.4,
2022,84,Auvergne et Rhône-Alpes,25-44 ans,Femmes,39.0,3.9,
2022,84,Auvergne et Rhône-Alpes,45-64 ans,Femmes,115.5,11.0,
2022,84,Auvergne et Rhône-Alpes,65 ans et plus,Femmes,96.0,10.1,
2022,84,Auvergne et Rhône-Alpes,45-64 ans,Hommes et Femmes,408.5,19.7,
2023,84,Auvergne et Rhône-Alpes,25-44 ans,Hommes,158.5,15.9,
2023,84,Auvergne et Rhône-Alpes,11-17 ans,Femmes,6.0,1.7,
2023,84,Auvergne et Rhône-Alpes,25-44 ans,Femmes,42.0,4.1,
2023,84,Auvergne et Rhône-Alpes,25-44 ans,Hommes et Femmes,200.5,10.0,
2019,93,Provence-Alpes-Côte d'Azur,00-10 ans,Hommes,0.0,0.0,
2019,93,Provence-Alpes-Côte d'Azur,18-24 ans,Femmes,6.0,3.3,
2019,93,Provence-Alpes-Côte d'Azur,11-17 ans,Hommes et Femmes,8.5,2.1,
2019,93,Provence-Alpes-Côte d'Azur,18-24 ans,Hommes et Femmes,23.0,6.1,
2019,93,Provence-Alpes-Côte d'Azur,25-44 ans,Hommes et Femmes,116.5,10.0,
2019,93,Provence-Alpes-Côte d'Azur,45-64 ans,Hommes et Femmes,258.5,19.3,
2020,93,Provence-Alpes-Côte d'Azur,00-10 ans,Hommes,0.0,0.0,
2020,93,Provence-Alpes-Côte d'Azur,45-64 ans,Hommes,173.0,27.0,
2020,93,Provence-Alpes-Côte d'Azur,65 ans et plus,Hommes,162.5,31.6,
2020,93,Provence-Alpes-Côte d'Azur,Tous,Hommes,445.0,18.3,17.7
2020,93,Provence-Alpes-Côte d'Azur,00-10 ans,Femmes,0.0,0.0,
2020,93,Provence-Alpes-Côte d'Azur,18-24 ans,Femmes,2.5,1.3,
2020,93,Provence-Alpes-Côte d'Azur,45-64 ans,Femmes,65.0,9.3,
2020,93,Provence-Alpes-Côte d'Azur,45-64 ans,Hommes et Femmes,238.0,17.8,
2021,93,Provence-Alpes-Côte d'Azur,25-44 ans,Hommes,96.0,16.9,
2021,93,Provence-Alpes-Côte d'Azur,45-64 ans,Hommes,173.0,26.9,
2021,93,Provence-Alpes-Côte d'Azur,65 ans et plus,Hommes,193.0,37.0,
2021,93,Provence-Alpes-Côte d'Azur,00-10 ans,Femmes,0.0,0.0,
2021,93,Provence-Alpes-Côte d'Azur,18-24 ans,Hommes et Femmes,21.0,5.5,
2021,93,Provence-Alpes-Côte d'Azur,Tous,Hommes et Femmes,659.5,12.9,12.4
2022,93,Provence-Alpes-Côte d'Azur,25-44 ans,Hommes,93.5,16.2,
2022,93,Provence-Alpes-Côte d'Azur,Tous,Hommes,515.0,20.8,19.9
2022,93,Provence-Alpes-Côte d'Azur,18-24 ans,Femmes,7.5,4.0,
2022,93,Provence-Alpes-Côte d'Azur,45-64 ans,Femmes,64.0,9.1,
2022,93,Provence-Alpes-Côte d'Azur,65 ans et plus,Femmes,69.5,9.9,
2022,93,Provence-Alpes-Côte d'Azur,00-10 ans,Hommes et Femmes,2.5,0.4,
2022,93,Provence-Alpes-Côte d'Azur,11-17 ans,Hommes et Femmes,9.0,2.2,
2022,93,Provence-Alpes-Côte d'Azur,25-44 ans,Hommes et Femmes,116.5,9.8,
2022,93,Provence-Alpes-Côte d'Azur,65 ans et plus,Hommes et Femmes,295.5,23.9,
2023,93,Provence-Alpes-Côte d'Azur,11-17 ans,Hommes,2.5,1.2,
2023,93,Provence-Alpes-Côte d'Azur,18-24 ans,Hommes,16.0,8.1,
2023,93,Provence-Alpes-Côte d'Azur,25-44 ans,Hommes,101.5,17.4,
2023,93,Provence-Alpes-Côte d'Azur,65 ans et plus,Hommes,174.0,32.2,
2023,93,Provence-Alpes-Côte d'Azur,18-24 ans,Hommes et Femmes,18.5,4.8,
2023,93,Provence-Alpes-Côte d'Azur,65 ans et plus,Hommes et Femmes,227.0,18.1,
2023,93,Provence-Alpes-Côte d'Azur,Tous,Hommes et Femmes,632.0,12.2,11.8
2019,94,Corse,18-24 ans,Hommes,2.5,21.5,
2019,94,Corse,Tous,Hommes,18.0,10.9,10.6
2020,94,Corse,18-24 ans,Hommes,0.0,0.0,
2020,94,Corse,18-24 ans,Femmes,0.0,0.0,
2020,94,Corse,45-64 ans,Femmes,2.5,5.2,
2020,94,Corse,65 ans et plus,Femmes,2.5,5.5,
2020,94,Corse,18-24 ans,Hommes et Femmes,0.0,0.0,
2020,94,Corse,25-44 ans,Hommes et Femmes,11.0,13.4,
2021,94,Corse,00-10 ans,Hommes,0.0,0.0,
2021,94,Corse,Tous,Hommes,30.0,17.8,16.2
2021,94,Corse,45-64 ans,Femmes,5.0,10.4,
2021,94,Corse,18-24 ans,Hommes et Femmes,0.0,0.0,
2021,94,Corse,65 ans et plus,Hommes et Femmes,16.0,18.9,
2022,94,Corse,11-17 ans,Hommes,0.0,0.0,
2022,94,Corse,18-24 ans,Hommes,0.0,0.0,
2022,94,Corse,65 ans et plus,Hommes,7.0,18.0,
2022,94,Corse,Tous,Femmes,8.5,4.7,5.9
2022,94,Corse,11-17 ans,Hommes et Femmes,0.0,0.0,
2022,94,Corse,Tous,Hommes et Femmes,43.0,12.2,11.6
2023,94,Corse,00-10 ans,Hommes,0.0,0.0,
2023,94,Corse,11-17 ans,Hommes,0.0,0.0,
2023,94,Corse,18-24 ans,Hommes,0.0,0.0,
2023,94,Corse,18-24 ans,Hommes et Femmes,0.0,0.0,
2023,94,Corse,Tous,Hommes et Femmes,37.0,10.4,9.6
